Language,original,english,czech,german,russian,polish,hungarian,italian,spanish,french,chinese,japanese,portuguese,chinesesimp
STR_slot1,Cassette,Cassette,Kazeta,Kassette,Кассета,Kaseta,Kazetta,Cassetta,Casete,Cassette,卡带式,カセット,Cassete,卡带式
toggle_radio,Toggle car stereo,Toggle car stereo,Přepnout autorádio,Autoradio umschalten,Включить магнитолу,Przełącz samochodowe stereo,Toggle car stereo,Attiva disattiva la autoradio,Alternar estéreo de automóvil,Basculer la autoradio,Toggle car stereo,Toggle car stereo,Alternar som do carro,Toggle car stereo
next_track,Next Track,Next Track,Next Track,Next Track,Следующая песня,Next Track,Next Track,Next Track,Next Track,Next Track,Next Track,Next Track,Next Track,Next Track
previous_track,Previous Track,Previous Track,Previous Track,Previous Track,Предыдущая песня,Previous Track,Previous Track,Previous Track,Previous Track,Previous Track,Previous Track,Previous Track,Previous Track,Previous Track
magnetica,Magnetica,Magnetica,Magnetica,Magnetica,Магнитола,Magnetica,Magnetica,Magnetica,Magnetica,Magnetica,Magnetica,Magnetica,Magnetica,Magnetica
STR_Magnetica,Magnetica,Magnetica,Magnetica,Magnetica,Магнитола,Magnetica,Magnetica,Magnetica,Magnetica,Magnetica,Magnetica,Magnetica,Magnetica,Magnetica
STR_Tape,"An ordinary cassette with a magnetic tape inside, judging by the inscription, it contains music","An ordinary cassette with a magnetic tape inside, judging by the inscription, it contains music","An ordinary cassette with a magnetic tape inside, judging by the inscription, it contains music","An ordinary cassette with a magnetic tape inside, judging by the inscription, it contains music","Обычная кассета с магнитной лентой внутри, судя по надписи, на неё записана музыка","An ordinary cassette with a magnetic tape inside, judging by the inscription, it contains music","An ordinary cassette with a magnetic tape inside, judging by the inscription, it contains music","An ordinary cassette with a magnetic tape inside, judging by the inscription, it contains music","An ordinary cassette with a magnetic tape inside, judging by the inscription, it contains music","An ordinary cassette with a magnetic tape inside, judging by the inscription, it contains music","An ordinary cassette with a magnetic tape inside, judging by the inscription, it contains music","An ordinary cassette with a magnetic tape inside, judging by the inscription, it contains music","An ordinary cassette with a magnetic tape inside, judging by the inscription, it contains music","An ordinary cassette with a magnetic tape inside, judging by the inscription, it contains music"
STR_Case,Case for cassettes,Case for cassettes,Pouzdro na kazety,Koffer für Kassetten,Кейс для кассет,Etui na kasety,Kazetták tokja,Custodia per cassette,Estuche para cassettes,Boîtier pour cassettes,盒式磁带的盒子,カセット用ケース,Estojo para cassetes,盒式磁带的盒子
STR_Case_desc,A case in which you can place the music cassettes you found.,A case in which you can place the music cassettes you found.,"Pouzdro, do kterého můžete vložit nalezené hudební kazety.","Ein Etui, in das Sie die gefundenen Musikkassetten legen können.","Кейс, в котором вы можете разместить, найденные вами кассеты с музыкой.","Futerał, w którym można umieścić znalezione kasety z muzyką.","Egy tok, amelyben elhelyezheti a talált zenei kazettákat.",Una custodia in cui puoi mettere le cassette musicali che hai trovato.,Un estuche en el que puedes colocar los casetes de música que has encontrado.,Un étui dans lequel vous pouvez placer les cassettes de musique que vous avez trouvées.,一个可以放置你找到的音乐磁带的箱子。,拾った音楽カセットを入れておけるケース。,Um caso em que pode colocar os cassetes de música que encontrou.,一个可以放置你找到的音乐磁带的箱子。
STR_Radio3_desc,"The simple FM/AM radio has a universal design for easy viewing and features a new digital tuner for easy tuning and stable reception. It can be powered by AC adapter or battery power, making it easy to use both indoors and outdoors.","The simple FM/AM radio has a universal design for easy viewing and features a new digital tuner for easy tuning and stable reception. It can be powered by AC adapter or battery power, making it easy to use both indoors and outdoors.","Jednoduché rádio FM/AM má univerzální design pro snadné sledování a je vybaveno novým digitálním tunerem pro snadné ladění a stabilní příjem. Lze jej napájet pomocí síťového adaptéru nebo baterie, takže jej lze snadno používat v interiéru i exteriéru.","Das einfache FM/AM-Radio hat ein universelles Design für eine einfache Betrachtung und verfügt über einen neuen digitalen Tuner für eine einfache Abstimmung und stabilen Empfang. Es kann mit einem AC-Adapter oder mit Batterien betrieben werden, wodurch es sowohl im Innen- als auch im Außenbereich leicht zu verwenden ist.","Простой FM/AM радиоприемник имеет универсальный дизайн для удобного просмотра и оснащен новым цифровым тюнером, обеспечивающим легкую настройку и устойчивый прием. Он может работать от сети через адаптор переменного тока или от батареи, что позволяет без проблем пользоваться им как в помещении, так и на улице.","Proste radio FM/AM ma uniwersalną konstrukcję ułatwiającą oglądanie i jest wyposażone w nowy tuner cyfrowy, który ułatwia strojenie i zapewnia stabilny odbiór. Może być zasilane za pomocą zasilacza sieciowego lub baterii, dzięki czemu jest łatwe w użyciu zarówno w pomieszczeniach, jak i na zewnątrz.","Az egyszerű FM/AM rádió univerzális kialakítással rendelkezik a könnyű megjelenítés érdekében, és új digitális tunerrel rendelkezik a könnyű hangolás és a stabil vétel érdekében. Váltóáramú adapterrel vagy akkumulátorról is működtethető, így beltéren és kültéren egyaránt könnyen használható.","La semplice radio FM/AM ha un design universale per una facile visualizzazione e dispone di un nuovo sintonizzatore digitale per una facile sintonizzazione e una ricezione stabile. Può essere alimentata da un adattatore AC o da una batteria, rendendola facile da usare sia all'interno che all'esterno.","Esta sencilla radio FM/AM tiene un diseño universal que facilita su visualización y cuenta con un nuevo sintonizador digital que facilita la sintonización y la estabilidad de la recepción. Puede alimentarse con un adaptador de CA o con pilas, lo que facilita su uso tanto en interiores como en exteriores.","Cette radio FM/AM simple a un design universel pour une visualisation facile et dispose d'un nouveau tuner numérique pour un réglage facile et une réception stable. Elle peut être alimentée par un adaptateur secteur ou par des piles, ce qui la rend facile à utiliser à l'intérieur comme à l'extérieur.",这款简单的调频/调幅收音机采用通用设计，便于观看，并采用了新的数字调谐器，便于调谐和稳定接收。它可以用交流电适配器或电池供电，使其在室内和室外都能轻松使用。,シンプルなFM/AMラジオは、見やすいユニバーサルデザインを採用し、新開発のデジタルチューナーを搭載することで、チューニングしやすく安定した受信が可能です。ACアダプターや電池での駆動が可能なので、室内でも屋外でも気軽に使用できます。,"O rádio FM/AM simples tem um design universal para fácil visualização e apresenta um novo sintonizador digital para uma sintonização fácil e recepção estável. Pode ser alimentado por adaptador AC ou bateria, tornando-o fácil de usar tanto em interiores como ao ar livre.",这款简单的调频/调幅收音机采用通用设计，便于观看，并采用了新的数字调谐器，便于调谐和稳定接收。它可以用交流电适配器或电池供电，使其在室内和室外都能轻松使用。
STR_Radio2,Spring-201,Spring-207,Jaro-207,Feder-207,Весна-207,Wiosna-207,Spring-207,Primavera-207,Primavera-207,Printemps-207,春天-207,春-207,Primavera-207,春天-207
STR_Radio2_disc,"The Vesna-201-stereo portable cassette recorder has been produced by the Zaporozhye EMZ Iskra since 1982. The model is designed to record mono or stereo phonograms on a tape and to play them back in mono mode by the built-in loudspeaker, and in stereo mode by the external UCR.","The Vesna-207-stereo portable cassette recorder has been produced by the Zaporozhye EMZ Iskra since 1982. The model is designed to record mono or stereo phonograms on a tape and to play them back in mono mode by the built-in loudspeaker, and in stereo mode by the external UCR.",Přenosný kazetový magnetofon Vesna-207-stereo vyrábí záporožská společnost EMZ Iskra od roku 1982. Model je určen k nahrávání monofonních nebo stereofonních fonogramů na kazetu a k jejich přehrávání v monofonním režimu pomocí vestavěného reproduktoru a ve stereofonním režimu pomocí externího UCR.,Der tragbare Kassettenrecorder Vesna-207-stereo wird seit 1982 von der Firma EMZ Iskra in Saporoshje hergestellt. Das Modell ist für die Aufnahme von Mono- oder Stereotonogrammen auf ein Band und deren Wiedergabe im Mono-Modus über den eingebauten Lautsprecher und im Stereo-Modus über den externen UCR bestimmt.,"Портативный кассетный магнитофон «Весна-201-стерео» с 1982 года выпускал Запорожский ЭМЗ «Искра». Модель предназначена для записи на магнитную ленту моно или стереофонических фонограмм и их последующего воспроизведения в монофоническом режиме встроенным громкоговорителем, а в стереофоническом внешним УКУ.","Przenośny magnetofon kasetowy Vesna-207-stereo jest produkowany przez zaporoski EMZ Iskra od 1982 roku. Model ten jest przeznaczony do nagrywania na taśmę fonogramów mono lub stereo i odtwarzania ich w trybie mono przez wbudowany głośnik, a w trybie stereo przez zewnętrzny UCR.","A Vesna-207-stereo hordozható kazettás magnót 1982 óta gyártja a zaporozsjei EMZ Iskra. A modellt úgy tervezték, hogy mono- vagy sztereó hangfelvételeket rögzíthessen szalagra, és azokat mono üzemmódban a beépített hangszóró, sztereó üzemmódban pedig a külső UCR segítségével lejátszhassa.","Il registratore a cassette portatile Vesna-207-stereo è stato prodotto dalla EMZ Iskra di Zaporozhye dal 1982. Il modello è progettato per registrare fonogrammi mono o stereo su un nastro e riprodurli in modalità mono dall'altoparlante incorporato, e in modalità stereo dall'UCR esterno.","La grabadora de casete portátil Vesna-207-stereo ha sido producida por la Zaporozhye EMZ Iskra desde 1982. El modelo está diseñado para grabar fonogramas mono o estéreo en una cinta y reproducirlos en modo mono por el altavoz incorporado, y en modo estéreo por el UCR externo.","Le magnétophone à cassette portable Vesna-207-stereo est produit par l'EMZ Iskra de Zaporozhye depuis 1982. Ce modèle est conçu pour enregistrer des phonogrammes mono ou stéréo sur une bande et pour les lire en mode mono par le haut-parleur intégré, et en mode stéréo par l'UCR externe.",Vesna-207-stereo便携式盒式录音机自1982年起由Zaporozhye EMZ Iskra公司生产。该型号的录音机可以在磁带上录制单声道或立体声录音，并通过内置扬声器以单声道模式播放，而通过外部UCR以立体声模式播放。,Zaporozhye EMZ Iskra社が1982年から製造しているポータブルカセットレコーダー「Vesna-207-stereo」。モノラルまたはステレオのフォノグラムをテープに録音し、モノラルの場合は内蔵のスピーカーで、ステレオの場合は外付けのUCRで再生することができるモデルである。,"O gravador de cassetes portátil Vesna-207-stereo é produzido pela Zaporozhye EMZ Iskra desde 1982. O modelo foi concebido para gravar fonogramas mono ou estéreo numa cassete e para os reproduzir em modo mono pelo altifalante incorporado, e em modo estéreo pelo UCR externo.",Vesna-207-stereo便携式盒式录音机自1982年起由Zaporozhye EMZ Iskra公司生产。该型号的录音机可以在磁带上录制单声道或立体声录音，并通过内置扬声器以单声道模式播放，而通过外部UCR以立体声模式播放。
STR_Radio_disc,"A type of tape recorder in which the magnetic tape, together with part of the tape path, is located in a quick-release cassette that simplifies reloading.","A type of tape recorder in which the magnetic tape, together with part of the tape path, is located in a quick-release cassette that simplifies reloading.","Typ magnetofonu, u něhož je magnetická páska spolu s částí páskové dráhy umístěna v rychloupínací kazetě, která usnadňuje opětovné vložení.","Ein Typ von Tonbandgerät, bei dem sich das Magnetband zusammen mit einem Teil des Bandwegs in einer Schnellwechselkassette befindet, die das Nachladen vereinfacht.","Разновидность магнитофона, в которой магнитная лента вместе с частью лентопротяжного тракта располагается в быстросъёмной кассете, упрощающей перезарядку.","Typ magnetofonu, w którym taśma magnetyczna wraz z częścią ścieżki taśmy znajduje się w kasecie z szybkozłączką, co ułatwia jej ponowne załadowanie.","Olyan szalagos magnó, amelyben a mágnesszalag a szalagút egy részével együtt egy gyorskioldású kazettában található, amely megkönnyíti az újratöltést.","Un tipo di registratore a nastro in cui il nastro magnetico, insieme a parte del percorso del nastro, si trova in una cassetta a rilascio rapido che semplifica la ricarica.","Tipo de grabador en el que la cinta magnética, junto con parte del recorrido de la cinta, se encuentra en un casete de liberación rápida que simplifica la recarga.","Type d'enregistreur à bande dans lequel la bande magnétique, ainsi qu'une partie du trajet de la bande, se trouve dans une cassette à ouverture rapide qui simplifie le rechargement.",一种磁带记录器，其中磁带和部分磁带路径位于一个快速释放的磁带盒中，简化了重新加载。,テープレコーダーの一種で、磁気テープとテープ経路の一部が、リロードを容易にするクイックリリースカセットに収められている。,"Um tipo de gravador de fita em que a fita magnética, juntamente com parte do percurso da fita, se encontra numa cassete de libertação rápida que simplifica a recarga.",一种磁带记录器，其中磁带和部分磁带路径位于一个快速释放的磁带盒中，简化了重新加载。
STR_Radio4_desc,"The Walkman has revolutionized the way people listen to music, allowing them to take the music they want to listen to without disturbing others. ","The Walkman has revolutionized the way people listen to music, allowing them to take the music they want to listen to without disturbing others. ","Walkman způsobil revoluci v poslechu hudby a umožnil lidem vzít si hudbu, kterou chtějí poslouchat, aniž by rušili ostatní.","Der Walkman hat die Art und Weise, wie Menschen Musik hören, revolutioniert, denn er ermöglicht es ihnen, die Musik, die sie hören möchten, mitzunehmen, ohne andere zu stören.","Walkman произвёл революцию в способе прослушивания музыки, позволяя людям брать с собой музыку, которую они хотят слушать и не мешать при этом окружающим. ","Walkman zrewolucjonizował sposób, w jaki ludzie słuchają muzyki, pozwalając im zabrać ze sobą muzykę, której chcą słuchać, nie przeszkadzając innym. ","A Walkman forradalmasította az emberek zenehallgatását, lehetővé téve számukra, hogy mások zavarása nélkül vegyék magukhoz a zenét, amit hallgatni szeretnének.","Il Walkman ha rivoluzionato il modo in cui le persone ascoltano la musica, permettendo loro di prendere la musica che vogliono ascoltare senza disturbare gli altri. ","El walkman ha revolucionado la forma de escuchar música, ya que permite llevar la música que se quiere escuchar sin molestar a los demás.","Le Walkman a révolutionné la façon dont les gens écoutent de la musique, en leur permettant de prendre la musique qu'ils veulent écouter sans déranger les autres.",随身听彻底改变了人们听音乐的方式，使他们能够在不干扰他人的情况下，拿着自己想听的音乐。,ウォークマンは、周りの人に迷惑をかけずに自分の聴きたい音楽を取ることができ、音楽の聴き方に革命を起こしました。,"O walkman revolucionou a forma como as pessoas ouvem música, permitindo-lhes levar a música que querem ouvir sem incomodar os outros. ",随身听彻底改变了人们听音乐的方式，使他们能够在不干扰他人的情况下，拿着自己想听的音乐。
STR_NaZare,Alliance - At Dawn,Alliance - At Dawn,Alliance - At Dawn,Alliance - At Dawn,Альянс - На Заре,Alliance - At Dawn,Alliance - At Dawn,Alliance - At Dawn,Alliance - At Dawn,Alliance - At Dawn,Alliance - At Dawn,Alliance - At Dawn,Alliance - At Dawn,Alliance - At Dawn
STR_NaZare_disc,Cassette with the song of the Alliance group - At the dawn,Cassette with the song of the Alliance group - At the dawn,Cassette with the song of the Alliance group - At the dawn,Cassette with the song of the Alliance group - At the dawn,"Кассета группы Альянс, с песней На заре.",Cassette with the song of the Alliance group - At the dawn,Cassette with the song of the Alliance group - At the dawn,Cassette with the song of the Alliance group - At the dawn,Cassette with the song of the Alliance group - At the dawn,Cassette with the song of the Alliance group - At the dawn,Cassette with the song of the Alliance group - At the dawn,Cassette with the song of the Alliance group - At the dawn,Cassette with the song of the Alliance group - At the dawn,Cassette with the song of the Alliance group - At the dawn
STR_Unravel_disc,Cassette with a song by TK - Unravel,Cassette with a song by TK - Unravel,Cassette with a song by TK - Unravel,Cassette with a song by TK - Unravel,Кассета с песней TK - Unravel,Cassette with a song by TK - Unravel,Cassette with a song by TK - Unravel,Cassette with a song by TK - Unravel,Cassette with a song by TK - Unravel,Cassette with a song by TK - Unravel,Cassette with a song by TK - Unravel,Cassette with a song by TK - Unravel,Cassette with a song by TK - Unravel,Cassette with a song by TK - Unravel
STR_SovietAnthem,Anthem of the USSR,Anthem of the USSR,Anthem of the USSR,Anthem of the USSR,Гимн СССР,Anthem of the USSR,Anthem of the USSR,Anthem of the USSR,Anthem of the USSR,Anthem of the USSR,Anthem of the USSR,Anthem of the USSR,Anthem of the USSR,Anthem of the USSR
STR_SovietAnthem_disc,"The State Anthem of the USSR is the official national anthem of the Soviet Union, adopted in 1943 instead of the Internationale.","The State Anthem of the USSR is the official national anthem of the Soviet Union, adopted in 1943 instead of the Internationale.","The State Anthem of the USSR is the official national anthem of the Soviet Union, adopted in 1943 instead of the Internationale.","The State Anthem of the USSR is the official national anthem of the Soviet Union, adopted in 1943 instead of the Internationale.","Государственный гимн СССР — официальный государственный гимн Советского Союза, принятый в 1943 году вместо Интернационала.","The State Anthem of the USSR is the official national anthem of the Soviet Union, adopted in 1943 instead of the Internationale.","The State Anthem of the USSR is the official national anthem of the Soviet Union, adopted in 1943 instead of the Internationale.","The State Anthem of the USSR is the official national anthem of the Soviet Union, adopted in 1943 instead of the Internationale.","The State Anthem of the USSR is the official national anthem of the Soviet Union, adopted in 1943 instead of the Internationale.","The State Anthem of the USSR is the official national anthem of the Soviet Union, adopted in 1943 instead of the Internationale.","The State Anthem of the USSR is the official national anthem of the Soviet Union, adopted in 1943 instead of the Internationale.","The State Anthem of the USSR is the official national anthem of the Soviet Union, adopted in 1943 instead of the Internationale.","The State Anthem of the USSR is the official national anthem of the Soviet Union, adopted in 1943 instead of the Internationale.","The State Anthem of the USSR is the official national anthem of the Soviet Union, adopted in 1943 instead of the Internationale."
STR_Cassette,Empty cassette,Empty cassette,Empty cassette,Empty cassette,Пустая кассета,Empty cassette,Empty cassette,Empty cassette,Empty cassette,Empty cassette,Empty cassette,Empty cassette,Empty cassette,Empty cassette
STR_Cassette_disc,An unsigned cassette is most likely empty.,An unsigned cassette is most likely empty.,An unsigned cassette is most likely empty.,An unsigned cassette is most likely empty.,"Кассета без подписи, скорее всего пустая.",An unsigned cassette is most likely empty.,An unsigned cassette is most likely empty.,An unsigned cassette is most likely empty.,An unsigned cassette is most likely empty.,An unsigned cassette is most likely empty.,An unsigned cassette is most likely empty.,An unsigned cassette is most likely empty.,An unsigned cassette is most likely empty.,An unsigned cassette is most likely empty.
STR_Alert,Gachimuchi - Red Alert,Gachimuchi - Red Alert,Gachimuchi - Red Alert,Gachimuchi - Red Alert,Gachimuchi - Red Alert,Gachimuchi - Red Alert,Gachimuchi - Red Alert,Gachimuchi - Red Alert,Gachimuchi - Red Alert,Gachimuchi - Red Alert,Gachimuchi - Red Alert,Gachimuchi - Red Alert,Gachimuchi - Red Alert,Gachimuchi - Red Alert
STR_Alert_desc,Cassette with Gachimuchi - Red Alert,Cassette with Gachimuchi - Red Alert,Cassette with Gachimuchi - Red Alert,Cassette with Gachimuchi - Red Alert,Кассета с песней Gachimuchi - Red Alert,Cassette with Gachimuchi - Red Alert,Cassette with Gachimuchi - Red Alert,Cassette with Gachimuchi - Red Alert,Cassette with Gachimuchi - Red Alert,Cassette with Gachimuchi - Red Alert,Cassette with Gachimuchi - Red Alert,Cassette with Gachimuchi - Red Alert,Cassette with Gachimuchi - Red Alert,Cassette with Gachimuchi - Red Alert
STR_Leto,Kino - Summer,Kino - Summer,Cassette with the song Kino - Summer,Kino - Summer,Кино - Лето,Kino - Summer,Kino - Summer,Kino - Summer,Kino - Summer,Kino - Summer,Kino - Summer,Kino - Summer,Kino - Summer,Kino - Summer
STR_Leto_desc,"Cassette group Kino, with the song Leto","Cassette group Kino, with the song Leto","Cassette group Kino, with the song Leto","Cassette group Kino, with the song Leto","Кассета группы Кино, с песней Лето.","Cassette group Kino, with the song Leto","Cassette group Kino, with the song Leto","Cassette group Kino, with the song Leto","Cassette group Kino, with the song Leto","Cassette group Kino, with the song Leto","Cassette group Kino, with the song Leto","Cassette group Kino, with the song Leto","Cassette group Kino, with the song Leto","Cassette group Kino, with the song Leto"
STR_Stuk,Kino - Knock,Kino - Knock,Kino - Knock,Kino - Knock,Кино - Стук,Kino - Knock,Kino - Knock,Kino - Knock,Kino - Knock,Kino - Knock,Kino - Knock,Kino - Knock,Kino - Knock,Kino - Knock
STR_Stuk_desc,A cassette with a song by the band Kino - Knock,A cassette with a song by the band Kino - Knock,A cassette with a song by the band Kino - Knock,A cassette with a song by the band Kino - Knock,Кассета с песней группы Кино - Стук,A cassette with a song by the band Kino - Knock,A cassette with a song by the band Kino - Knock,A cassette with a song by the band Kino - Knock,A cassette with a song by the band Kino - Knock,A cassette with a song by the band Kino - Knock,A cassette with a song by the band Kino - Knock,A cassette with a song by the band Kino - Knock,A cassette with a song by the band Kino - Knock,A cassette with a song by the band Kino - Knock
STR_Pachkasigaret,Kino - Pack of cigarettes,Kino - Pack of cigarettes,Kino - Pack of cigarettes,Kino - Pack of cigarettes,Кино - Пачкаcигарет,Kino - Pack of cigarettes,Kino - Pack of cigarettes,Kino - Pack of cigarettes,Kino - Pack of cigarettes,Kino - Pack of cigarettes,Kino - Pack of cigarettes,Kino - Pack of cigarettes,Kino - Pack of cigarettes,Kino - Pack of cigarettes
STR_Pachkasigaret_desc,"Cassette of the Kino group, with the song of the Packs of Cigarettes.","Cassette of the Kino group, with the song of the Packs of Cigarettes.","Cassette of the Kino group, with the song of the Packs of Cigarettes.","Cassette of the Kino group, with the song of the Packs of Cigarettes.","Кассета группы Кино, с песней Пачкаcигарет.","Cassette of the Kino group, with the song of the Packs of Cigarettes.","Cassette of the Kino group, with the song of the Packs of Cigarettes.","Cassette of the Kino group, with the song of the Packs of Cigarettes.","Cassette of the Kino group, with the song of the Packs of Cigarettes.","Cassette of the Kino group, with the song of the Packs of Cigarettes.","Cassette of the Kino group, with the song of the Packs of Cigarettes.","Cassette of the Kino group, with the song of the Packs of Cigarettes.","Cassette of the Kino group, with the song of the Packs of Cigarettes.","Cassette of the Kino group, with the song of the Packs of Cigarettes."
STR_Gruppakrovi,Kino - Groupblood,Kino - Groupblood,Kino - Groupblood,Kino - Groupblood,Кино - Группакрови,Kino - Groupblood,Kino - Groupblood,Kino - Groupblood,Kino - Groupblood,Kino - Groupblood,Kino - Groupblood,Kino - Groupblood,Kino - Groupblood,Kino - Groupblood
STR_Gruppakrovi_desc,"Cassette group Kino, with the song Gruppakrovi","Cassette group Kino, with the song Gruppakrovi","Cassette group Kino, with the song Gruppakrovi","Cassette group Kino, with the song Gruppakrovi","Кассета группы Кино, с песней Группакрови","Cassette group Kino, with the song Gruppakrovi","Cassette group Kino, with the song Gruppakrovi","Cassette group Kino, with the song Gruppakrovi","Cassette group Kino, with the song Gruppakrovi","Cassette group Kino, with the song Gruppakrovi","Cassette group Kino, with the song Gruppakrovi","Cassette group Kino, with the song Gruppakrovi","Cassette group Kino, with the song Gruppakrovi","Cassette group Kino, with the song Gruppakrovi"
STR_Kukushka,Kino - Cuckoo,Kino - Cuckoo,Kino - Cuckoo,Kino - Cuckoo,Кино - Кукушка,Kino - Cuckoo,Kino - Cuckoo,Kino - Cuckoo,Kino - Cuckoo,Kino - Cuckoo,Kino - Cuckoo,Kino - Cuckoo,Kino - Cuckoo,Kino - Cuckoo
STR_Kukushka_desc,"Cassette group Kino, with the song Cuckoo.","Cassette group Kino, with the song Cuckoo.","Cassette group Kino, with the song Cuckoo.","Cassette group Kino, with the song Cuckoo.","Кассета группы Кино, с песней Кукушка.","Cassette group Kino, with the song Cuckoo.","Cassette group Kino, with the song Cuckoo.","Cassette group Kino, with the song Cuckoo.","Cassette group Kino, with the song Cuckoo.","Cassette group Kino, with the song Cuckoo.","Cassette group Kino, with the song Cuckoo.","Cassette group Kino, with the song Cuckoo.","Cassette group Kino, with the song Cuckoo.","Cassette group Kino, with the song Cuckoo."
STR_ZakroiZaMnoiDveri,Kino - Close the doors behind me,Kino - Close the doors behind me,Kino - Close the doors behind me,Kino - Close the doors behind me,Кино - Закрой за мной двери,Kino - Close the doors behind me,Kino - Close the doors behind me,Kino - Close the doors behind me,Kino - Close the doors behind me,Kino - Close the doors behind me,Kino - Close the doors behind me,Kino - Close the doors behind me,Kino - Close the doors behind me,Kino - Close the doors behind me
STR_ZakroiZaMnoiDveri_desc,"Kino group cassette, with the song Close the doors behind me","Kino group cassette, with the song Close the doors behind me","Kino group cassette, with the song Close the doors behind me","Kino group cassette, with the song Close the doors behind me","Кассета группы Кино, с песней Закрой за мной двери","Kino group cassette, with the song Close the doors behind me","Kino group cassette, with the song Close the doors behind me","Kino group cassette, with the song Close the doors behind me","Kino group cassette, with the song Close the doors behind me","Kino group cassette, with the song Close the doors behind me","Kino group cassette, with the song Close the doors behind me","Kino group cassette, with the song Close the doors behind me","Kino group cassette, with the song Close the doors behind me","Kino group cassette, with the song Close the doors behind me"
STR_Sudno,Molchat Doma - Sudno,Molchat Doma - Sudno,Molchat Doma - Sudno,Molchat Doma - Sudno,Молчат Дома - Судно,Molchat Doma - Sudno,Molchat Doma - Sudno,Molchat Doma - Sudno,Molchat Doma - Sudno,Molchat Doma - Sudno,Molchat Doma - Sudno,Molchat Doma - Sudno,Molchat Doma - Sudno,Molchat Doma - Sudno
STR_Sudno_desc,Cassette with a song by Molchat Doma - Sudno,Cassette with a song by Molchat Doma - Sudno,Cassette with a song by Molchat Doma - Sudno,Cassette with a song by Molchat Doma - Sudno,Кассета с песней группы Молчат Дома - Судно,Cassette with a song by Molchat Doma - Sudno,Cassette with a song by Molchat Doma - Sudno,Cassette with a song by Molchat Doma - Sudno,Cassette with a song by Molchat Doma - Sudno,Cassette with a song by Molchat Doma - Sudno,Cassette with a song by Molchat Doma - Sudno,Cassette with a song by Molchat Doma - Sudno,Cassette with a song by Molchat Doma - Sudno,Cassette with a song by Molchat Doma - Sudno
STR_Discoteque,Molchat Doma - Discoteque,Molchat Doma - Discoteque,Molchat Doma - Discoteque,Molchat Doma - Discoteque,Молчат Дома - Дискотека,Molchat Doma - Discoteque,Molchat Doma - Discoteque,Molchat Doma - Discoteque,Molchat Doma - Discoteque,Molchat Doma - Discoteque,Molchat Doma - Discoteque,Molchat Doma - Discoteque,Molchat Doma - Discoteque,Molchat Doma - Discoteque
STR_Discoteque_desc,Cassette with a song by Molchat Doma - Discoteque,Cassette with a song by Molchat Doma - Discoteque,Cassette with a song by Molchat Doma - Discoteque,Cassette with a song by Molchat Doma - Discoteque,Кассета с песней группы Молчат Дома - Дискотека,Cassette with a song by Molchat Doma - Discoteque,Cassette with a song by Molchat Doma - Discoteque,Cassette with a song by Molchat Doma - Discoteque,Cassette with a song by Molchat Doma - Discoteque,Cassette with a song by Molchat Doma - Discoteque,Cassette with a song by Molchat Doma - Discoteque,Cassette with a song by Molchat Doma - Discoteque,Cassette with a song by Molchat Doma - Discoteque,Cassette with a song by Molchat Doma - Discoteque
STR_Kletka,Molchat Doma - Kletka,Molchat Doma - Kletka,Molchat Doma - Kletka,Molchat Doma - Kletka,Молчат Дома - Клетка,Molchat Doma - Kletka,Molchat Doma - Kletka,Molchat Doma - Kletka,Molchat Doma - Kletka,Molchat Doma - Kletka,Molchat Doma - Kletka,Molchat Doma - Kletka,Molchat Doma - Kletka,Molchat Doma - Kletka
STR_Kletka_desc,Cassette with a song by Molchat Doma - Kletka,Cassette with a song by Molchat Doma - Kletka,Cassette with a song by Molchat Doma - Kletka,Cassette with a song by Molchat Doma - Kletka,Кассета с песней группы Молчат Дома - Клетка,Cassette with a song by Molchat Doma - Kletka,Cassette with a song by Molchat Doma - Kletka,Cassette with a song by Molchat Doma - Kletka,Cassette with a song by Molchat Doma - Kletka,Cassette with a song by Molchat Doma - Kletka,Cassette with a song by Molchat Doma - Kletka,Cassette with a song by Molchat Doma - Kletka,Cassette with a song by Molchat Doma - Kletka,Cassette with a song by Molchat Doma - Kletka
STR_LudiNadoeli,Molchat Doma - Ludi Nadoeli,Molchat Doma - Ludi Nadoeli,Molchat Doma - Ludi Nadoeli,Molchat Doma - Ludi Nadoeli,Молчат Дома - Люди надоели,Molchat Doma - Ludi Nadoeli,Molchat Doma - Ludi Nadoeli,Molchat Doma - Ludi Nadoeli,Molchat Doma - Ludi Nadoeli,Molchat Doma - Ludi Nadoeli,Molchat Doma - Ludi Nadoeli,Molchat Doma - Ludi Nadoeli,Molchat Doma - Ludi Nadoeli,Molchat Doma - Ludi Nadoeli
STR_LudiNadoeli_desc,Cassette with a song by Molchat Doma - Ludi Nadoeli,Cassette with a song by Molchat Doma - Ludi Nadoeli,Cassette with a song by Molchat Doma - Ludi Nadoeli,Cassette with a song by Molchat Doma - Ludi Nadoeli,Кассета с песней группы Молчат Дома - Люди надоели,Cassette with a song by Molchat Doma - Ludi Nadoeli,Cassette with a song by Molchat Doma - Ludi Nadoeli,Cassette with a song by Molchat Doma - Ludi Nadoeli,Cassette with a song by Molchat Doma - Ludi Nadoeli,Cassette with a song by Molchat Doma - Ludi Nadoeli,Cassette with a song by Molchat Doma - Ludi Nadoeli,Cassette with a song by Molchat Doma - Ludi Nadoeli,Cassette with a song by Molchat Doma - Ludi Nadoeli,Cassette with a song by Molchat Doma - Ludi Nadoeli
STR_Lydi,Molchat Doma - Lydi,Molchat Doma - Lydi,Molchat Doma - Lydi,Molchat Doma - Lydi,Молчат Дома - Волны,Molchat Doma - Lydi,Molchat Doma - Lydi,Molchat Doma - Lydi,Molchat Doma - Lydi,Molchat Doma - Lydi,Molchat Doma - Lydi,Molchat Doma - Lydi,Molchat Doma - Lydi,Molchat Doma - Lydi
STR_Lydi_desc,Cassette with a song by Molchat Doma - Lydi,Cassette with a song by Molchat Doma - Lydi,Cassette with a song by Molchat Doma - Lydi,Cassette with a song by Molchat Doma - Lydi,Кассета с песней группы Молчат Дома - Волны,Cassette with a song by Molchat Doma - Lydi,Cassette with a song by Molchat Doma - Lydi,Cassette with a song by Molchat Doma - Lydi,Cassette with a song by Molchat Doma - Lydi,Cassette with a song by Molchat Doma - Lydi,Cassette with a song by Molchat Doma - Lydi,Cassette with a song by Molchat Doma - Lydi,Cassette with a song by Molchat Doma - Lydi,Cassette with a song by Molchat Doma - Lydi
STR_Volny,Molchat Doma - Volny,Molchat Doma - Volny,Molchat Doma - Volny,Molchat Doma - Volny,Молчат Дома - Волны,Molchat Doma - Volny,Molchat Doma - Volny,Molchat Doma - Volny,Molchat Doma - Volny,Molchat Doma - Volny,Molchat Doma - Volny,Molchat Doma - Volny,Molchat Doma - Volny,Molchat Doma - Volny
STR_Volny_desc,Cassette with a song by Molchat Doma - Volny,Cassette with a song by Molchat Doma - Volny,Cassette with a song by Molchat Doma - Volny,Cassette with a song by Molchat Doma - Volny,Кассета с песней группы Молчат Дома - Волны,Cassette with a song by Molchat Doma - Volny,Cassette with a song by Molchat Doma - Volny,Cassette with a song by Molchat Doma - Volny,Cassette with a song by Molchat Doma - Volny,Cassette with a song by Molchat Doma - Volny,Cassette with a song by Molchat Doma - Volny,Cassette with a song by Molchat Doma - Volny,Cassette with a song by Molchat Doma - Volny,Cassette with a song by Molchat Doma - Volny
STR_SmellsLikeTeenSpirit,Nirvana - Smells Like Teen Spirit,Nirvana - Smells Like Teen Spirit,Nirvana - Smells Like Teen Spirit,Nirvana - Smells Like Teen Spirit,Nirvana - Smells Like Teen Spirit,Nirvana - Smells Like Teen Spirit,Nirvana - Smells Like Teen Spirit,Nirvana - Smells Like Teen Spirit,Nirvana - Smells Like Teen Spirit,Nirvana - Smells Like Teen Spirit,Nirvana - Smells Like Teen Spirit,Nirvana - Smells Like Teen Spirit,Nirvana - Smells Like Teen Spirit,Nirvana - Smells Like Teen Spirit
STR_SmellsLikeTeenSpirit_desc,Cassette with a song by Nirvana - Smells Like Teen Spirit,Cassette with a song by Nirvana - Smells Like Teen Spirit,Cassette with a song by Nirvana - Smells Like Teen Spirit,Cassette with a song by Nirvana - Smells Like Teen Spirit,Кассета с песней группы Nirvana - Smells Like Teen Spirit,Cassette with a song by Nirvana - Smells Like Teen Spirit,Cassette with a song by Nirvana - Smells Like Teen Spirit,Cassette with a song by Nirvana - Smells Like Teen Spirit,Cassette with a song by Nirvana - Smells Like Teen Spirit,Cassette with a song by Nirvana - Smells Like Teen Spirit,Cassette with a song by Nirvana - Smells Like Teen Spirit,Cassette with a song by Nirvana - Smells Like Teen Spirit,,Cassette with a song by Nirvana - Smells Like Teen Spirit
STR_SNOLLERBOYS,RUSSIAN VILLAGE BOYS - SNOLLERBOYS,RUSSIAN VILLAGE BOYS - SNOLLERBOYS,RUSSIAN VILLAGE BOYS - SNOLLERBOYS,RUSSIAN VILLAGE BOYS - SNOLLERBOYS,RUSSIAN VILLAGE BOYS - SNOLLERBOYS,RUSSIAN VILLAGE BOYS - SNOLLERBOYS,RUSSIAN VILLAGE BOYS - SNOLLERBOYS,RUSSIAN VILLAGE BOYS - SNOLLERBOYS,RUSSIAN VILLAGE BOYS - SNOLLERBOYS,RUSSIAN VILLAGE BOYS - SNOLLERBOYS,RUSSIAN VILLAGE BOYS - SNOLLERBOYS,RUSSIAN VILLAGE BOYS - SNOLLERBOYS,RUSSIAN VILLAGE BOYS - SNOLLERBOYS,RUSSIAN VILLAGE BOYS - SNOLLERBOYS
STR_SNOLLERBOYS_desc,Cassette with a song by RUSSIAN VILLAGE BOYS - SNOLLERBOYS,Cassette with a song by RUSSIAN VILLAGE BOYS - SNOLLERBOYS,Cassette with a song by RUSSIAN VILLAGE BOYS - SNOLLERBOYS,Cassette with a song by RUSSIAN VILLAGE BOYS - SNOLLERBOYS,Кассета с песней группы RUSSIAN VILLAGE BOYS - SNOLLERBOYS,Cassette with a song by RUSSIAN VILLAGE BOYS - SNOLLERBOYS,Cassette with a song by RUSSIAN VILLAGE BOYS - SNOLLERBOYS,Cassette with a song by RUSSIAN VILLAGE BOYS - SNOLLERBOYS,Cassette with a song by RUSSIAN VILLAGE BOYS - SNOLLERBOYS,Cassette with a song by RUSSIAN VILLAGE BOYS - SNOLLERBOYS,Cassette with a song by RUSSIAN VILLAGE BOYS - SNOLLERBOYS,Cassette with a song by RUSSIAN VILLAGE BOYS - SNOLLERBOYS,Cassette with a song by RUSSIAN VILLAGE BOYS - SNOLLERBOYS,Cassette with a song by RUSSIAN VILLAGE BOYS - SNOLLERBOYS
STR_Adidas,RUSSIAN VILLAGE BOYS - Adidas,RUSSIAN VILLAGE BOYS - Adidas,RUSSIAN VILLAGE BOYS - Adidas,RUSSIAN VILLAGE BOYS - Adidas,RUSSIAN VILLAGE BOYS - Adidas,RUSSIAN VILLAGE BOYS - Adidas,RUSSIAN VILLAGE BOYS - Adidas,RUSSIAN VILLAGE BOYS - Adidas,RUSSIAN VILLAGE BOYS - Adidas,RUSSIAN VILLAGE BOYS - Adidas,RUSSIAN VILLAGE BOYS - Adidas,RUSSIAN VILLAGE BOYS - Adidas,RUSSIAN VILLAGE BOYS - Adidas,RUSSIAN VILLAGE BOYS - Adidas
STR_Adidas_desc,Cassette with a song by RUSSIAN VILLAGE BOYS - Adidas,Cassette with a song by RUSSIAN VILLAGE BOYS - Adidas,Cassette with a song by RUSSIAN VILLAGE BOYS - Adidas,Cassette with a song by RUSSIAN VILLAGE BOYS - Adidas,Кассета с песней группы RUSSIAN VILLAGE BOYS - Adidas,Cassette with a song by RUSSIAN VILLAGE BOYS - Adidas,Cassette with a song by RUSSIAN VILLAGE BOYS - Adidas,Cassette with a song by RUSSIAN VILLAGE BOYS - Adidas,Cassette with a song by RUSSIAN VILLAGE BOYS - Adidas,Cassette with a song by RUSSIAN VILLAGE BOYS - Adidas,Cassette with a song by RUSSIAN VILLAGE BOYS - Adidas,Cassette with a song by RUSSIAN VILLAGE BOYS - Adidas,Cassette with a song by RUSSIAN VILLAGE BOYS - Adidas,Cassette with a song by RUSSIAN VILLAGE BOYS - Adidas
STR_suicide,Satan Bakes Pancakes - Suicide,Satan Bakes Pancakes - Suicide,Satan Bakes Pancakes - Suicide,Satan Bakes Pancakes - Suicide,Сатана Печёт Блины - Самоубийство,Satan Bakes Pancakes - Suicide,Satan Bakes Pancakes - Suicide,Satan Bakes Pancakes - Suicide,Satan Bakes Pancakes - Suicide,Satan Bakes Pancakes - Suicide,Satan Bakes Pancakes - Suicide,Satan Bakes Pancakes - Suicide,Satan Bakes Pancakes - Suicide,Satan Bakes Pancakes - Suicide
STR_suicide_desc,Cassette with the song of the group Satan Bakes Pancakes - Suicide,Cassette with the song of the group Satan Bakes Pancakes - Suicide,Cassette with the song of the group Satan Bakes Pancakes - Suicide,Cassette with the song of the group Satan Bakes Pancakes - Suicide,Кассета с песней группы Сатана Печёт Блины - Самоубийство,Cassette with the song of the group Satan Bakes Pancakes - Suicide,Cassette with the song of the group Satan Bakes Pancakes - Suicide,Cassette with the song of the group Satan Bakes Pancakes - Suicide,Cassette with the song of the group Satan Bakes Pancakes - Suicide,Cassette with the song of the group Satan Bakes Pancakes - Suicide,Cassette with the song of the group Satan Bakes Pancakes - Suicide,Cassette with the song of the group Satan Bakes Pancakes - Suicide,Cassette with the song of the group Satan Bakes Pancakes - Suicide,Cassette with the song of the group Satan Bakes Pancakes - Suicide
STR_Bomj,Sektor Gaza - Bum,Sektor Gaza - Bum,Sektor Gaza - Bum,Sektor Gaza - Bum,Сектор Газа - Бомж,Sektor Gaza - Bum,Sektor Gaza - Bum,Sektor Gaza - Bum,Sektor Gaza - Bum,Sektor Gaza - Bum,Sektor Gaza - Bum,Sektor Gaza - Bum,Sektor Gaza - Bum,Sektor Gaza - Bum
STR_Bomj_desc,Cassette with a song by Sektor Gaza - Bum,Cassette with a song by Sektor Gaza - Bum,Cassette with a song by Sektor Gaza - Bum,Cassette with a song by Sektor Gaza - Bum,Кассета с песней группы Сектор Газа - Бомж,Cassette with a song by Sektor Gaza - Bum,Cassette with a song by Sektor Gaza - Bum,Cassette with a song by Sektor Gaza - Bum,Cassette with a song by Sektor Gaza - Bum,Cassette with a song by Sektor Gaza - Bum,Cassette with a song by Sektor Gaza - Bum,Cassette with a song by Sektor Gaza - Bum,Cassette with a song by Sektor Gaza - Bum,Cassette with a song by Sektor Gaza - Bum
STR_Tuman,Sektor Gaza - Fog,Sektor Gaza - Fog,Sektor Gaza - Fog,Sektor Gaza - Fog,Сектор Газа - Туман,Sektor Gaza - Fog,Sektor Gaza - Fog,Sektor Gaza - Fog,Sektor Gaza - Fog,Sektor Gaza - Fog,Sektor Gaza - Fog,Sektor Gaza - Fog,Sektor Gaza - Fog,Sektor Gaza - Fog
STR_Tuman_desc,Cassette with a song by Sektor Gaza - Fog,Cassette with a song by Sektor Gaza - Fog,Cassette with a song by Sektor Gaza - Fog,Cassette with a song by Sektor Gaza - Fog,Кассета с песней группы Сектор Газа - Туман,Cassette with a song by Sektor Gaza - Fog,Cassette with a song by Sektor Gaza - Fog,Cassette with a song by Sektor Gaza - Fog,Cassette with a song by Sektor Gaza - Fog,Cassette with a song by Sektor Gaza - Fog,Cassette with a song by Sektor Gaza - Fog,Cassette with a song by Sektor Gaza - Fog,Cassette with a song by Sektor Gaza - Fog,Cassette with a song by Sektor Gaza - Fog
STR_Nikogonezhalko,Sergey Shnurov - I don't feel sorry for anyone,Sergey Shnurov - I don't feel sorry for anyone,Sergey Shnurov - I don't feel sorry for anyone,Sergey Shnurov - I don't feel sorry for anyone,Сергей Шнуров - Никого не жалко,Sergey Shnurov - I don't feel sorry for anyone,Sergey Shnurov - I don't feel sorry for anyone,Sergey Shnurov - I don't feel sorry for anyone,Sergey Shnurov - I don't feel sorry for anyone,Sergey Shnurov - I don't feel sorry for anyone,Sergey Shnurov - I don't feel sorry for anyone,Sergey Shnurov - I don't feel sorry for anyone,Sergey Shnurov - I don't feel sorry for anyone,Sergey Shnurov - I don't feel sorry for anyone
STR_Nikogonezhalko_desc,Cassette with a song by Sergey Shnurov - I don't feel sorry for anyone,Cassette with a song by Sergey Shnurov - I don't feel sorry for anyone,Cassette with a song by Sergey Shnurov - I don't feel sorry for anyone,Cassette with a song by Sergey Shnurov - I don't feel sorry for anyone,Кассета с песней Сергея Шнурова - Никого не жалко,Cassette with a song by Sergey Shnurov - I don't feel sorry for anyone,Cassette with a song by Sergey Shnurov - I don't feel sorry for anyone,Cassette with a song by Sergey Shnurov - I don't feel sorry for anyone,Cassette with a song by Sergey Shnurov - I don't feel sorry for anyone,Cassette with a song by Sergey Shnurov - I don't feel sorry for anyone,Cassette with a song by Sergey Shnurov - I don't feel sorry for anyone,Cassette with a song by Sergey Shnurov - I don't feel sorry for anyone,Cassette with a song by Sergey Shnurov - I don't feel sorry for anyone,Cassette with a song by Sergey Shnurov - I don't feel sorry for anyone
STR_Exit,Spleen - No way out,Spleen - No way out,Spleen - No way out,Spleen - No way out,Сплин – Выхода нет,Spleen - No way out,Spleen - No way out,Spleen - No way out,Spleen - No way out,Spleen - No way out,Spleen - No way out,Spleen - No way out,Spleen - No way out,Spleen - No way out
STR_Exit_desc,Cassette with a song by Spleen - No way out,Cassette with a song by Spleen - No way out,Cassette with a song by Spleen - No way out,Cassette with a song by Spleen - No way out,Кассета с песней группы Сплин – Выхода нет,Cassette with a song by Spleen - No way out,Cassette with a song by Spleen - No way out,Cassette with a song by Spleen - No way out,Cassette with a song by Spleen - No way out,Cassette with a song by Spleen - No way out,Cassette with a song by Spleen - No way out,Cassette with a song by Spleen - No way out,Cassette with a song by Spleen - No way out,Cassette with a song by Spleen - No way out
STR_LiniyaZhizni,Spleen - Life Line,Spleen - Life Line,Spleen - Life Line,Spleen - Life Line,Сплин - Линия Жизни,Spleen - Life Line,Spleen - Life Line,Spleen - Life Line,Spleen - Life Line,Spleen - Life Line,Spleen - Life Line,Spleen - Life Line,Spleen - Life Line,Spleen - Life Line
STR_LiniyaZhizni_desc,Cassette with a song by Spleen - Life Line,Cassette with a song by Spleen - Life Line,Cassette with a song by Spleen - Life Line,Cassette with a song by Spleen - Life Line,Кассета с песней группы Сплин - Линия Жизни,Cassette with a song by Spleen - Life Line,Cassette with a song by Spleen - Life Line,Cassette with a song by Spleen - Life Line,Cassette with a song by Spleen - Life Line,Cassette with a song by Spleen - Life Line,Cassette with a song by Spleen - Life Line,Cassette with a song by Spleen - Life Line,Cassette with a song by Spleen - Life Line,Cassette with a song by Spleen - Life Line
STR_NasNeDogoniat,t.A.T.u. - Not gonna get us,t.A.T.u. - Not gonna get us,t.A.T.u. - Not gonna get us,t.A.T.u. - Not gonna get us,t.A.T.u. - Нас Не Догонят,t.A.T.u. - Not gonna get us,t.A.T.u. - Not gonna get us,t.A.T.u. - Not gonna get us,t.A.T.u. - Not gonna get us,t.A.T.u. - Not gonna get us,t.A.T.u. - Not gonna get us,t.A.T.u. - Not gonna get us,t.A.T.u. - Not gonna get us,t.A.T.u. - Not gonna get us
STR_NasNeDogoniat_desc,Cassette with a song by t.A.T.u. - Not gonna get us,Cassette with a song by t.A.T.u. - Not gonna get us,Cassette with a song by t.A.T.u. - Not gonna get us,Cassette with a song by t.A.T.u. - Not gonna get us,Кассета с песней группы t.A.T.u. - Нас Не Догонят,Cassette with a song by t.A.T.u. - Not gonna get us,Cassette with a song by t.A.T.u. - Not gonna get us,Cassette with a song by t.A.T.u. - Not gonna get us,Cassette with a song by t.A.T.u. - Not gonna get us,Cassette with a song by t.A.T.u. - Not gonna get us,Cassette with a song by t.A.T.u. - Not gonna get us,Cassette with a song by t.A.T.u. - Not gonna get us,Cassette with a song by t.A.T.u. - Not gonna get us,Cassette with a song by t.A.T.u. - Not gonna get us
STR_March,Tchaikovsky - March,Tchaikovsky - March,Tchaikovsky - March,Tchaikovsky - March,"Пётр Ильич Чайковский - Марш из балета Щелкунчик""""",Tchaikovsky - March,Tchaikovsky - March,Tchaikovsky - March,Tchaikovsky - March,Tchaikovsky - March,Tchaikovsky - March,Tchaikovsky - March,Tchaikovsky - March,Tchaikovsky - March
STR_March_desc,Cassette with a song by Tchaikovsky - March,Cassette with a song by Tchaikovsky - March,Cassette with a song by Tchaikovsky - March,Cassette with a song by Tchaikovsky - March,"Кассета с песней Пётр Ильич Чайковский - Марш из балета Щелкунчик""""",Cassette with a song by Tchaikovsky - March,Cassette with a song by Tchaikovsky - March,Cassette with a song by Tchaikovsky - March,Cassette with a song by Tchaikovsky - March,Cassette with a song by Tchaikovsky - March,Cassette with a song by Tchaikovsky - March,Cassette with a song by Tchaikovsky - March,Cassette with a song by Tchaikovsky - March,Cassette with a song by Tchaikovsky - March
STR_Overture,Tchaikovsky - Overture,Tchaikovsky - Overture,Tchaikovsky - Overture,Tchaikovsky - Overture,Пётр Ильич Чайковский - Увертюра,Tchaikovsky - Overture,Tchaikovsky - Overture,Tchaikovsky - Overture,Tchaikovsky - Overture,Tchaikovsky - Overture,Tchaikovsky - Overture,Tchaikovsky - Overture,Tchaikovsky - Overture,Tchaikovsky - Overture
STR_Overture_desc,Cassette with a song by Tchaikovsky - Overture,Cassette with a song by Tchaikovsky - Overture,Cassette with a song by Tchaikovsky - Overture,Cassette with a song by Tchaikovsky - Overture,Кассета с песней Пётр Ильич Чайковский - Увертюра,Cassette with a song by Tchaikovsky - Overture,Cassette with a song by Tchaikovsky - Overture,Cassette with a song by Tchaikovsky - Overture,Cassette with a song by Tchaikovsky - Overture,Cassette with a song by Tchaikovsky - Overture,Cassette with a song by Tchaikovsky - Overture,Cassette with a song by Tchaikovsky - Overture,Cassette with a song by Tchaikovsky - Overture,Cassette with a song by Tchaikovsky - Overture
STR_TheChristmasTree,Tchaikovsky - The Christmas Tree,Tchaikovsky - The Christmas Tree,Tchaikovsky - The Christmas Tree,Tchaikovsky - The Christmas Tree,Пётр Ильич Чайковский - Новогодняя елка,Tchaikovsky - The Christmas Tree,Tchaikovsky - The Christmas Tree,Tchaikovsky - The Christmas Tree,Tchaikovsky - The Christmas Tree,Tchaikovsky - The Christmas Tree,Tchaikovsky - The Christmas Tree,Tchaikovsky - The Christmas Tree,Tchaikovsky - The Christmas Tree,Tchaikovsky - The Christmas Tree
STR_TheChristmasTree_desc,Cassette with a song by Tchaikovsky - The Christmas Tree,Cassette with a song by Tchaikovsky - The Christmas Tree,Cassette with a song by Tchaikovsky - The Christmas Tree,Cassette with a song by Tchaikovsky - The Christmas Tree,Кассета с песней Пётр Ильич Чайковский - Новогодняя елка,Cassette with a song by Tchaikovsky - The Christmas Tree,Cassette with a song by Tchaikovsky - The Christmas Tree,Cassette with a song by Tchaikovsky - The Christmas Tree,Cassette with a song by Tchaikovsky - The Christmas Tree,Cassette with a song by Tchaikovsky - The Christmas Tree,Cassette with a song by Tchaikovsky - The Christmas Tree,Cassette with a song by Tchaikovsky - The Christmas Tree,Cassette with a song by Tchaikovsky - The Christmas Tree,Cassette with a song by Tchaikovsky - The Christmas Tree
STR_WeSingToday,Tchaikovsky - To Thee we sing,Tchaikovsky - To Thee we sing,Tchaikovsky - To Thee we sing,Tchaikovsky - To Thee we sing,Пётр Ильич Чайковский - Тебе мы поем,Tchaikovsky - To Thee we sing,Tchaikovsky - To Thee we sing,Tchaikovsky - To Thee we sing,Tchaikovsky - To Thee we sing,Tchaikovsky - To Thee we sing,Tchaikovsky - To Thee we sing,Tchaikovsky - To Thee we sing,Tchaikovsky - To Thee we sing,Tchaikovsky - To Thee we sing
STR_WeSingToday_desc,Cassette with a song by Tchaikovsky - To Thee we sing,Cassette with a song by Tchaikovsky - To Thee we sing,Cassette with a song by Tchaikovsky - To Thee we sing,Cassette with a song by Tchaikovsky - To Thee we sing,Кассета с песней Пётр Ильич Чайковский - Тебе мы поем,Cassette with a song by Tchaikovsky - To Thee we sing,Cassette with a song by Tchaikovsky - To Thee we sing,Cassette with a song by Tchaikovsky - To Thee we sing,Cassette with a song by Tchaikovsky - To Thee we sing,Cassette with a song by Tchaikovsky - To Thee we sing,Cassette with a song by Tchaikovsky - To Thee we sing,Cassette with a song by Tchaikovsky - To Thee we sing,Cassette with a song by Tchaikovsky - To Thee we sing,Cassette with a song by Tchaikovsky - To Thee we sing
STR_Nfs,GSPD - NFS Underground,GSPD - NFS Underground,GSPD - NFS Underground,GSPD - NFS Underground,GSPD - NFS Underground,GSPD - NFS Underground,GSPD - NFS Underground,GSPD - NFS Underground,GSPD - NFS Underground,GSPD - NFS Underground,GSPD - NFS Underground,GSPD - NFS Underground,GSPD - NFS Underground,GSPD - NFS Underground
STR_Nfs_desc,Cassette with a song by GSPD - NFS Underground,Cassette with a song by GSPD - NFS Underground,Cassette with a song by GSPD - NFS Underground,Cassette with a song by GSPD - NFS Underground,Кассета с песней группы GSPD - NFS Underground,Cassette with a song by GSPD - NFS Underground,Cassette with a song by GSPD - NFS Underground,Cassette with a song by GSPD - NFS Underground,Cassette with a song by GSPD - NFS Underground,Cassette with a song by GSPD - NFS Underground,Cassette with a song by GSPD - NFS Underground,Cassette with a song by GSPD - NFS Underground,Cassette with a song by GSPD - NFS Underground,Cassette with a song by GSPD - NFS Underground
STR_Train,Alley Gang - Tomas the Train,Alley Gang - Tomas the Train,Alley Gang - Tomas the Train,Alley Gang - Tomas the Train,Alley Gang - Паровозик Томас,Alley Gang - Tomas the Train,Alley Gang - Tomas the Train,Alley Gang - Tomas the Train,Alley Gang - Tomas the Train,Alley Gang - Tomas the Train,Alley Gang - Tomas the Train,Alley Gang - Tomas the Train,Alley Gang - Tomas the Train,Alley Gang - Tomas the Train
STR_Train_desc,Cassette with a song by Alley Gang - Tomas the Train,Cassette with a song by Alley Gang - Tomas the Train,Cassette with a song by Alley Gang - Tomas the Train,Cassette with a song by Alley Gang - Tomas the Train,Кассета с песней группы Alley Gang - Паровозик Томас,Cassette with a song by Alley Gang - Tomas the Train,Cassette with a song by Alley Gang - Tomas the Train,Cassette with a song by Alley Gang - Tomas the Train,Cassette with a song by Alley Gang - Tomas the Train,Cassette with a song by Alley Gang - Tomas the Train,Cassette with a song by Alley Gang - Tomas the Train,Cassette with a song by Alley Gang - Tomas the Train,Cassette with a song by Alley Gang - Tomas the Train,Cassette with a song by Alley Gang - Tomas the Train
STR_DaiteLydamRomy,King and Jester - Rum,King and Jester - Rum,King and Jester - Rum,King and Jester - Rum,Король и Шут - Ром,King and Jester - Rum,King and Jester - Rum,King and Jester - Rum,King and Jester - Rum,King and Jester - Rum,King and Jester - Rum,King and Jester - Rum,King and Jester - Rum,King and Jester - Rum
STR_DaiteLydamRomy_desc,"A cassette of the band King and Jester, with the song Rum.","A cassette of the band King and Jester, with the song Rum.","A cassette of the band King and Jester, with the song Rum.","A cassette of the band King and Jester, with the song Rum.","Кассета группы Король и Шут, с песней Ром.","A cassette of the band King and Jester, with the song Rum.","A cassette of the band King and Jester, with the song Rum.","A cassette of the band King and Jester, with the song Rum.","A cassette of the band King and Jester, with the song Rum.","A cassette of the band King and Jester, with the song Rum.","A cassette of the band King and Jester, with the song Rum.","A cassette of the band King and Jester, with the song Rum.","A cassette of the band King and Jester, with the song Rum.","A cassette of the band King and Jester, with the song Rum."
STR_DeadAnarhist,King and Jester - Dead Anarchist,King and Jester - Dead Anarchist,King and Jester - Dead Anarchist,King and Jester - Dead Anarchist,Король и Шут - Мертвый анархист,King and Jester - Dead Anarchist,King and Jester - Dead Anarchist,King and Jester - Dead Anarchist,King and Jester - Dead Anarchist,King and Jester - Dead Anarchist,King and Jester - Dead Anarchist,King and Jester - Dead Anarchist,King and Jester - Dead Anarchist,King and Jester - Dead Anarchist
STR_DeadAnarhist_desc,"A cassette of the band King and Jester, with the song Dead Anarchist.","A cassette of the band King and Jester, with the song Dead Anarchist.","A cassette of the band King and Jester, with the song Dead Anarchist.","A cassette of the band King and Jester, with the song Dead Anarchist.","Кассета группы Король и Шут, с песней Мертвый анархист.","A cassette of the band King and Jester, with the song Dead Anarchist.","A cassette of the band King and Jester, with the song Dead Anarchist.","A cassette of the band King and Jester, with the song Dead Anarchist.","A cassette of the band King and Jester, with the song Dead Anarchist.","A cassette of the band King and Jester, with the song Dead Anarchist.","A cassette of the band King and Jester, with the song Dead Anarchist.","A cassette of the band King and Jester, with the song Dead Anarchist.","A cassette of the band King and Jester, with the song Dead Anarchist.","A cassette of the band King and Jester, with the song Dead Anarchist."
STR_DvaDruga,King and Jester - Two Friends and Bandits,King and Jester - Two Friends and Bandits,King and Jester - Two Friends and Bandits,King and Jester - Two Friends and Bandits,Король и Шут - Два друга и разбойники,King and Jester - Two Friends and Bandits,King and Jester - Two Friends and Bandits,King and Jester - Two Friends and Bandits,King and Jester - Two Friends and Bandits,King and Jester - Two Friends and Bandits,King and Jester - Two Friends and Bandits,King and Jester - Two Friends and Bandits,King and Jester - Two Friends and Bandits,King and Jester - Two Friends and Bandits
STR_DvaDruga_desc,"A cassette of the band King and Jester, with the song Two Friends and Bandits.","A cassette of the band King and Jester, with the song Two Friends and Bandits.","A cassette of the band King and Jester, with the song Two Friends and Bandits.","A cassette of the band King and Jester, with the song Two Friends and Bandits.","Кассета группы Король и Шут, с песней Два друга и разбойники.","A cassette of the band King and Jester, with the song Two Friends and Bandits.","A cassette of the band King and Jester, with the song Two Friends and Bandits.","A cassette of the band King and Jester, with the song Two Friends and Bandits.","A cassette of the band King and Jester, with the song Two Friends and Bandits.","A cassette of the band King and Jester, with the song Two Friends and Bandits.","A cassette of the band King and Jester, with the song Two Friends and Bandits.","A cassette of the band King and Jester, with the song Two Friends and Bandits.","A cassette of the band King and Jester, with the song Two Friends and Bandits.","A cassette of the band King and Jester, with the song Two Friends and Bandits."
STR_EliMyasoMyzhiki,King and Jester - Men eat meat,King and Jester - Men eat meat,King and Jester - Men eat meat,King and Jester - Men eat meat,Король и Шут - Ели мясо мужики,King and Jester - Men eat meat,King and Jester - Men eat meat,King and Jester - Men eat meat,King and Jester - Men eat meat,King and Jester - Men eat meat,King and Jester - Men eat meat,King and Jester - Men eat meat,King and Jester - Men eat meat,King and Jester - Men eat meat
STR_EliMyasoMyzhiki_desc,"A cassette of the band King and Jester, with the song Men eat meat.","A cassette of the band King and Jester, with the song Men eat meat.","A cassette of the band King and Jester, with the song Men eat meat.","A cassette of the band King and Jester, with the song Men eat meat.","Кассета группы Король и Шут, с песней Ели мясо мужики.","A cassette of the band King and Jester, with the song Men eat meat.","A cassette of the band King and Jester, with the song Men eat meat.","A cassette of the band King and Jester, with the song Men eat meat.","A cassette of the band King and Jester, with the song Men eat meat.","A cassette of the band King and Jester, with the song Men eat meat.","A cassette of the band King and Jester, with the song Men eat meat.","A cassette of the band King and Jester, with the song Men eat meat.","A cassette of the band King and Jester, with the song Men eat meat.","A cassette of the band King and Jester, with the song Men eat meat."
STR_Joker,King and Jester - The Joker,King and Jester - The Joker,King and Jester - The Joker,King and Jester - The Joker,Король и Шут - Джокер,King and Jester - The Joker,King and Jester - The Joker,King and Jester - The Joker,King and Jester - The Joker,King and Jester - The Joker,King and Jester - The Joker,King and Jester - The Joker,King and Jester - The Joker,King and Jester - The Joker
STR_Joker_desc,"A cassette of the band King and Jester, with the song The Joker.","A cassette of the band King and Jester, with the song The Joker.","A cassette of the band King and Jester, with the song The Joker.","A cassette of the band King and Jester, with the song The Joker.","Кассета группы Король и Шут, с песней Джокер.","A cassette of the band King and Jester, with the song The Joker.","A cassette of the band King and Jester, with the song The Joker.","A cassette of the band King and Jester, with the song The Joker.","A cassette of the band King and Jester, with the song The Joker.","A cassette of the band King and Jester, with the song The Joker.","A cassette of the band King and Jester, with the song The Joker.","A cassette of the band King and Jester, with the song The Joker.","A cassette of the band King and Jester, with the song The Joker.","A cassette of the band King and Jester, with the song The Joker."
STR_KyklaKoldyna,King and Jester - The Sorcerer's Doll,King and Jester - The Sorcerer's Doll,King and Jester - The Sorcerer's Doll,King and Jester - The Sorcerer's Doll,Король и Шут - Кукла колдуна,King and Jester - The Sorcerer's Doll,King and Jester - The Sorcerer's Doll,King and Jester - The Sorcerer's Doll,King and Jester - The Sorcerer's Doll,King and Jester - The Sorcerer's Doll,King and Jester - The Sorcerer's Doll,King and Jester - The Sorcerer's Doll,King and Jester - The Sorcerer's Doll,King and Jester - The Sorcerer's Doll
STR_KyklaKoldyna_desc,"A cassette of the band King and Jester, with the song The Sorcerer's Doll.","A cassette of the band King and Jester, with the song The Sorcerer's Doll.","A cassette of the band King and Jester, with the song The Sorcerer's Doll.","A cassette of the band King and Jester, with the song The Sorcerer's Doll.","Кассета группы Король и Шут, с песней Кукла колдуна.","A cassette of the band King and Jester, with the song The Sorcerer's Doll.","A cassette of the band King and Jester, with the song The Sorcerer's Doll.","A cassette of the band King and Jester, with the song The Sorcerer's Doll.","A cassette of the band King and Jester, with the song The Sorcerer's Doll.","A cassette of the band King and Jester, with the song The Sorcerer's Doll.","A cassette of the band King and Jester, with the song The Sorcerer's Doll.","A cassette of the band King and Jester, with the song The Sorcerer's Doll.","A cassette of the band King and Jester, with the song The Sorcerer's Doll.","A cassette of the band King and Jester, with the song The Sorcerer's Doll."
STR_PrignySoSkaly,King and Jester - I'll jump off a cliff,King and Jester - I'll jump off a cliff,King and Jester - I'll jump off a cliff,King and Jester - I'll jump off a cliff,Король и Шут - Прыгну со скалы,King and Jester - I'll jump off a cliff,King and Jester - I'll jump off a cliff,King and Jester - I'll jump off a cliff,King and Jester - I'll jump off a cliff,King and Jester - I'll jump off a cliff,King and Jester - I'll jump off a cliff,King and Jester - I'll jump off a cliff,King and Jester - I'll jump off a cliff,King and Jester - I'll jump off a cliff
STR_PrignySoSkaly_desc,"A cassette of the band King and Jester, with the song  I'll jump off a cliff.","A cassette of the band King and Jester, with the song  I'll jump off a cliff.","A cassette of the band King and Jester, with the song  I'll jump off a cliff.","A cassette of the band King and Jester, with the song  I'll jump off a cliff.","Кассета группы Король и Шут, с песней Прыгну со скалы.","A cassette of the band King and Jester, with the song  I'll jump off a cliff.","A cassette of the band King and Jester, with the song  I'll jump off a cliff.","A cassette of the band King and Jester, with the song  I'll jump off a cliff.","A cassette of the band King and Jester, with the song  I'll jump off a cliff.","A cassette of the band King and Jester, with the song  I'll jump off a cliff.","A cassette of the band King and Jester, with the song  I'll jump off a cliff.","A cassette of the band King and Jester, with the song  I'll jump off a cliff.","A cassette of the band King and Jester, with the song  I'll jump off a cliff.","A cassette of the band King and Jester, with the song  I'll jump off a cliff."
STR_SevernyiFlot,King and Jester - Northern Fleet,King and Jester - Northern Fleet,King and Jester - Northern Fleet,King and Jester - Northern Fleet,Король и Шут - Северный флот,King and Jester - Northern Fleet,King and Jester - Northern Fleet,King and Jester - Northern Fleet,King and Jester - Northern Fleet,King and Jester - Northern Fleet,King and Jester - Northern Fleet,King and Jester - Northern Fleet,King and Jester - Northern Fleet,King and Jester - Northern Fleet
STR_SevernyiFlot_desc,"A cassette of the band King and Jester, with the song Northern Fleet.","A cassette of the band King and Jester, with the song Northern Fleet.","A cassette of the band King and Jester, with the song Northern Fleet.","A cassette of the band King and Jester, with the song Northern Fleet.","Кассета группы Король и Шут, с песней Северный флот.","A cassette of the band King and Jester, with the song Northern Fleet.","A cassette of the band King and Jester, with the song Northern Fleet.","A cassette of the band King and Jester, with the song Northern Fleet.","A cassette of the band King and Jester, with the song Northern Fleet.","A cassette of the band King and Jester, with the song Northern Fleet.","A cassette of the band King and Jester, with the song Northern Fleet.","A cassette of the band King and Jester, with the song Northern Fleet.","A cassette of the band King and Jester, with the song Northern Fleet.","A cassette of the band King and Jester, with the song Northern Fleet."
,,,,,,,,,,,,,,
STR_Dyrachok,Egor Letov - About the Fool,Egor Letov - About the Fool,Egor Letov - About the Fool,Egor Letov - About the Fool,Егор Летов - Про дурачка,Egor Letov - About the Fool,Egor Letov - About the Fool,Egor Letov - About the Fool,Egor Letov - About the Fool,Egor Letov - About the Fool,Egor Letov - About the Fool,Egor Letov - About the Fool,Egor Letov - About the Fool,Egor Letov - About the Fool
STR_Dyrachok_desc,"A cassette of the Egor Letov, with the song About the Fool.","A cassette of the Egor Letov, with the song About the Fool.","A cassette of the Egor Letov, with the song About the Fool.","A cassette of the Egor Letov, with the song About the Fool.","Кассета Егора Летова, с песней Про дурачка.","A cassette of the Egor Letov, with the song About the Fool.","A cassette of the Egor Letov, with the song About the Fool.","A cassette of the Egor Letov, with the song About the Fool.","A cassette of the Egor Letov, with the song About the Fool.","A cassette of the Egor Letov, with the song About the Fool.","A cassette of the Egor Letov, with the song About the Fool.","A cassette of the Egor Letov, with the song About the Fool.","A cassette of the Egor Letov, with the song About the Fool.","A cassette of the Egor Letov, with the song About the Fool."
STR_Motylek,Egor Letov - Silly Moth,Egor Letov - Silly Moth,Egor Letov - Silly Moth,Egor Letov - Silly Moth,Егор Летов - Глупый мотылёк,Egor Letov - Silly Moth,Egor Letov - Silly Moth,Egor Letov - Silly Moth,Egor Letov - Silly Moth,Egor Letov - Silly Moth,Egor Letov - Silly Moth,Egor Letov - Silly Moth,Egor Letov - Silly Moth,Egor Letov - Silly Moth
STR_Motylek_desc,"A cassette of the Egor Letov, with the song Silly Moth.","A cassette of the Egor Letov, with the song Silly Moth.","A cassette of the Egor Letov, with the song Silly Moth.","A cassette of the Egor Letov, with the song Silly Moth.","Кассета Егора Летова, с песней Глупый мотылёк.","A cassette of the Egor Letov, with the song Silly Moth.","A cassette of the Egor Letov, with the song Silly Moth.","A cassette of the Egor Letov, with the song Silly Moth.","A cassette of the Egor Letov, with the song Silly Moth.","A cassette of the Egor Letov, with the song Silly Moth.","A cassette of the Egor Letov, with the song Silly Moth.","A cassette of the Egor Letov, with the song Silly Moth.","A cassette of the Egor Letov, with the song Silly Moth.","A cassette of the Egor Letov, with the song Silly Moth."
STR_Oborona,Egor Letov - My Defense,Egor Letov - My Defense,Egor Letov - My Defense,Egor Letov - My Defense,Егор Летов - Моя оборона,Egor Letov - My Defense,Egor Letov - My Defense,Egor Letov - My Defense,Egor Letov - My Defense,Egor Letov - My Defense,Egor Letov - My Defense,Egor Letov - My Defense,Egor Letov - My Defense,Egor Letov - My Defense
STR_Oborona_desc,"A cassette of the Egor Letov, with the song My Defense.","A cassette of the Egor Letov, with the song My Defense.","A cassette of the Egor Letov, with the song My Defense.","A cassette of the Egor Letov, with the song My Defense.","Кассета Егора Летова, с песней Моя оборона.","A cassette of the Egor Letov, with the song My Defense.","A cassette of the Egor Letov, with the song My Defense.","A cassette of the Egor Letov, with the song My Defense.","A cassette of the Egor Letov, with the song My Defense.","A cassette of the Egor Letov, with the song My Defense.","A cassette of the Egor Letov, with the song My Defense.","A cassette of the Egor Letov, with the song My Defense.","A cassette of the Egor Letov, with the song My Defense.","A cassette of the Egor Letov, with the song My Defense."
STR_Vesna,Egor Letov - Eternal Spring,Egor Letov - Eternal Spring,Egor Letov - Eternal Spring,Egor Letov - Eternal Spring,Егор Летов - Вечная весна,Egor Letov - Eternal Spring,Egor Letov - Eternal Spring,Egor Letov - Eternal Spring,Egor Letov - Eternal Spring,Egor Letov - Eternal Spring,Egor Letov - Eternal Spring,Egor Letov - Eternal Spring,Egor Letov - Eternal Spring,Egor Letov - Eternal Spring
STR_Vesna_desc,"A cassette of the Egor Letov, with the song Eternal Spring.","A cassette of the Egor Letov, with the song Eternal Spring.","A cassette of the Egor Letov, with the song Eternal Spring.","A cassette of the Egor Letov, with the song Eternal Spring.","Кассета Егора Летова, с песней Вечная весна.","A cassette of the Egor Letov, with the song Eternal Spring.","A cassette of the Egor Letov, with the song Eternal Spring.","A cassette of the Egor Letov, with the song Eternal Spring.","A cassette of the Egor Letov, with the song Eternal Spring.","A cassette of the Egor Letov, with the song Eternal Spring.","A cassette of the Egor Letov, with the song Eternal Spring.","A cassette of the Egor Letov, with the song Eternal Spring.","A cassette of the Egor Letov, with the song Eternal Spring.","A cassette of the Egor Letov, with the song Eternal Spring."
STR_Zoopark,Egor Letov - Zoo,Egor Letov - Zoo,Egor Letov - Zoo,Egor Letov - Zoo,Егор Летов - Зоопарк,Egor Letov - Zoo,Egor Letov - Zoo,Egor Letov - Zoo,Egor Letov - Zoo,Egor Letov - Zoo,Egor Letov - Zoo,Egor Letov - Zoo,Egor Letov - Zoo,Egor Letov - Zoo
STR_Zoopark_desc,"A cassette of the Egor Letov, with the song Zoo.","A cassette of the Egor Letov, with the song Zoo.","A cassette of the Egor Letov, with the song Zoo.","A cassette of the Egor Letov, with the song Zoo.","Кассета Егора Летова, с песней Зоопарк.","A cassette of the Egor Letov, with the song Zoo.","A cassette of the Egor Letov, with the song Zoo.","A cassette of the Egor Letov, with the song Zoo.","A cassette of the Egor Letov, with the song Zoo.","A cassette of the Egor Letov, with the song Zoo.","A cassette of the Egor Letov, with the song Zoo.","A cassette of the Egor Letov, with the song Zoo.","A cassette of the Egor Letov, with the song Zoo.","A cassette of the Egor Letov, with the song Zoo."
STR_SevenNationArmy,The White Stripes - Seven Nation Army,The White Stripes - Seven Nation Army,The White Stripes - Seven Nation Army,The White Stripes - Seven Nation Army,The White Stripes - Seven Nation Army,The White Stripes - Seven Nation Army,The White Stripes - Seven Nation Army,The White Stripes - Seven Nation Army,The White Stripes - Seven Nation Army,The White Stripes - Seven Nation Army,The White Stripes - Seven Nation Army,The White Stripes - Seven Nation Army,The White Stripes - Seven Nation Army,The White Stripes - Seven Nation Army
STR_SevenNationArmy_desc,"A cassette of the band The White Stripes, with the song Seven Nation Army.","A cassette of the band The White Stripes, with the song Seven Nation Army.","A cassette of the band The White Stripes, with the song Seven Nation Army.","A cassette of the band The White Stripes, with the song Seven Nation Army.","Кассета группы The White Stripes, с песней Seven Nation Army.","A cassette of the band The White Stripes, with the song Seven Nation Army.","A cassette of the band The White Stripes, with the song Seven Nation Army.","A cassette of the band The White Stripes, with the song Seven Nation Army.","A cassette of the band The White Stripes, with the song Seven Nation Army.","A cassette of the band The White Stripes, with the song Seven Nation Army.","A cassette of the band The White Stripes, with the song Seven Nation Army.","A cassette of the band The White Stripes, with the song Seven Nation Army.","A cassette of the band The White Stripes, with the song Seven Nation Army.","A cassette of the band The White Stripes, with the song Seven Nation Army."
,,,,,,,,,,,,,,
STR_Boyat9,DEAD BLONDE - The Boy on the Nine,DEAD BLONDE - The Boy on the Nine,DEAD BLONDE - The Boy on the Nine,DEAD BLONDE - The Boy on the Nine,DEAD BLONDE – Мальчик на девятке,DEAD BLONDE - The Boy on the Nine,DEAD BLONDE - The Boy on the Nine,DEAD BLONDE - The Boy on the Nine,DEAD BLONDE - The Boy on the Nine,DEAD BLONDE - The Boy on the Nine,DEAD BLONDE - The Boy on the Nine,DEAD BLONDE - The Boy on the Nine,DEAD BLONDE - The Boy on the Nine,DEAD BLONDE - The Boy on the Nine
STR_Boyat9_desc,"A cassette of the band DEAD BLONDE, with the song The Boy on the Nine.","A cassette of the band DEAD BLONDE, with the song The Boy on the Nine.","A cassette of the band DEAD BLONDE, with the song The Boy on the Nine.","A cassette of the band DEAD BLONDE, with the song The Boy on the Nine.","Кассета группы DEAD BLONDE, с песней Мальчик на девятке.","A cassette of the band DEAD BLONDE, with the song The Boy on the Nine.","A cassette of the band DEAD BLONDE, with the song The Boy on the Nine.","A cassette of the band DEAD BLONDE, with the song The Boy on the Nine.","A cassette of the band DEAD BLONDE, with the song The Boy on the Nine.","A cassette of the band DEAD BLONDE, with the song The Boy on the Nine.","A cassette of the band DEAD BLONDE, with the song The Boy on the Nine.","A cassette of the band DEAD BLONDE, with the song The Boy on the Nine.","A cassette of the band DEAD BLONDE, with the song The Boy on the Nine.","A cassette of the band DEAD BLONDE, with the song The Boy on the Nine."
STR_Thehaplesswoman,DEAD BLONDE - The hapless woman,DEAD BLONDE - The hapless woman,DEAD BLONDE - The hapless woman,DEAD BLONDE - The hapless woman,DEAD BLONDE - Бесприданница,DEAD BLONDE - The hapless woman,DEAD BLONDE - The hapless woman,DEAD BLONDE - The hapless woman,DEAD BLONDE - The hapless woman,DEAD BLONDE - The hapless woman,DEAD BLONDE - The hapless woman,DEAD BLONDE - The hapless woman,DEAD BLONDE - The hapless woman,DEAD BLONDE - The hapless woman
STR_Thehaplesswoman_desc,"A cassette of the band DEAD BLONDE, with the song The hapless woman.","A cassette of the band DEAD BLONDE, with the song The hapless woman.","A cassette of the band DEAD BLONDE, with the song The hapless woman.","A cassette of the band DEAD BLONDE, with the song The hapless woman.","Кассета группы DEAD BLONDE, с песней Бесприданница.","A cassette of the band DEAD BLONDE, with the song The hapless woman.","A cassette of the band DEAD BLONDE, with the song The hapless woman.","A cassette of the band DEAD BLONDE, with the song The hapless woman.","A cassette of the band DEAD BLONDE, with the song The hapless woman.","A cassette of the band DEAD BLONDE, with the song The hapless woman.","A cassette of the band DEAD BLONDE, with the song The hapless woman.","A cassette of the band DEAD BLONDE, with the song The hapless woman.","A cassette of the band DEAD BLONDE, with the song The hapless woman.","A cassette of the band DEAD BLONDE, with the song The hapless woman."
,,,,,,,,,,,,,,
STR_KosilYas,Pesniary - Kosil Jas’ Konjushinu (Mujuice Acid Rework),Pesniary -  Kosil Jas’ Konjushinu,Pesniary -  Kosil Jas’ Konjushinu,Pesniary -  Kosil Jas’ Konjushinu,Песняры - Косил Ясь’ Конюшину (Mujuice Acid Remix,Pesniary -  Kosil Jas’ Konjushinu,Pesniary -  Kosil Jas’ Konjushinu,Pesniary -  Kosil Jas’ Konjushinu,Pesniary -  Kosil Jas’ Konjushinu,Pesniary -  Kosil Jas’ Konjushinu,Pesniary -  Kosil Jas’ Konjushinu,Pesniary -  Kosil Jas’ Konjushinu,Pesniary -  Kosil Jas’ Konjushinu,Pesniary -  Kosil Jas’ Konjushinu
STR_TravauDoma,Zemlyane - Trava u Doma (Geoffrey Day Remix),Zemlyane - Trava u Doma (Geoffrey Day Remix),Zemlyane - Trava u Doma (Geoffrey Day Remix),Zemlyane - Trava u Doma (Geoffrey Day Remix),Земляне - Трава у Дома (Geoffrey Day Remix),Zemlyane - Trava u Doma (Geoffrey Day Remix),Zemlyane - Trava u Doma (Geoffrey Day Remix),Zemlyane - Trava u Doma (Geoffrey Day Remix),Zemlyane - Trava u Doma (Geoffrey Day Remix),Zemlyane - Trava u Doma (Geoffrey Day Remix),Zemlyane - Trava u Doma (Geoffrey Day Remix),Zemlyane - Trava u Doma (Geoffrey Day Remix),Zemlyane - Trava u Doma (Geoffrey Day Remix),Zemlyane - Trava u Doma (Geoffrey Day Remix)
STR_Arlekino,Alla Pugacheva - Arlekino (Geoffrey Day Remix),Alla Pugacheva - Arlekino (Geoffrey Day Remix),Alla Pugacheva - Arlekino (Geoffrey Day Remix),Alla Pugacheva - Arlekino (Geoffrey Day Remix),Алла Пугачёва - Арлекино (Geoffrey Day Remix),Alla Pugacheva - Arlekino (Geoffrey Day Remix),Alla Pugacheva - Arlekino (Geoffrey Day Remix),Alla Pugacheva - Arlekino (Geoffrey Day Remix),Alla Pugacheva - Arlekino (Geoffrey Day Remix),Alla Pugacheva - Arlekino (Geoffrey Day Remix),Alla Pugacheva - Arlekino (Geoffrey Day Remix),Alla Pugacheva - Arlekino (Geoffrey Day Remix),Alla Pugacheva - Arlekino (Geoffrey Day Remix),Alla Pugacheva - Arlekino (Geoffrey Day Remix)
STR_ZvezdnoeLeto,Alla Pugacheva - Zvyozdnoe Leto (Geoffrey Day Remix),Alla Pugacheva - Zvyozdnoe Leto (Geoffrey Day Remix),Alla Pugacheva - Zvyozdnoe Leto (Geoffrey Day Remix),Alla Pugacheva - Zvyozdnoe Leto (Geoffrey Day Remix),Алла Пугачёва - Звёздное Лето (Geoffrey Day Remix),Alla Pugacheva - Zvyozdnoe Leto (Geoffrey Day Remix),Alla Pugacheva - Zvyozdnoe Leto (Geoffrey Day Remix),Alla Pugacheva - Zvyozdnoe Leto (Geoffrey Day Remix),Alla Pugacheva - Zvyozdnoe Leto (Geoffrey Day Remix),Alla Pugacheva - Zvyozdnoe Leto (Geoffrey Day Remix),Alla Pugacheva - Zvyozdnoe Leto (Geoffrey Day Remix),Alla Pugacheva - Zvyozdnoe Leto (Geoffrey Day Remix),Alla Pugacheva - Zvyozdnoe Leto (Geoffrey Day Remix),Alla Pugacheva - Zvyozdnoe Leto (Geoffrey Day Remix)
STR_Komarovo,Igor Sklyar - Komarovo (DVRST Phonk Remix),Igor Sklyar - Komarovo (DVRST Phonk Remix),Igor Sklyar - Komarovo (DVRST Phonk Remix),Igor Sklyar - Komarovo (DVRST Phonk Remix),Игорь Скляр - Комарово (DVRST Phonk Remix),Igor Sklyar - Komarovo (DVRST Phonk Remix),Igor Sklyar - Komarovo (DVRST Phonk Remix),Igor Sklyar - Komarovo (DVRST Phonk Remix),Igor Sklyar - Komarovo (DVRST Phonk Remix),Igor Sklyar - Komarovo (DVRST Phonk Remix),Igor Sklyar - Komarovo (DVRST Phonk Remix),Igor Sklyar - Komarovo (DVRST Phonk Remix),Igor Sklyar - Komarovo (DVRST Phonk Remix),Igor Sklyar - Komarovo (DVRST Phonk Remix)
,,,,,,,,,,,,,,
STR_CollectionTape,"An ordinary cassette with a magnetic tape inside, judging by the inscription, it is a compilation of songs by some musician.","An ordinary cassette with a magnetic tape inside, judging by the inscription, it is a compilation of songs by some musician.","An ordinary cassette with a magnetic tape inside, judging by the inscription, it is a compilation of songs by some musician.","An ordinary cassette with a magnetic tape inside, judging by the inscription, it is a compilation of songs by some musician.","Обычная кассета с магнитной лентой внутри, судя по надписи, это сборник песен какого-то музыкального исполнителя.","An ordinary cassette with a magnetic tape inside, judging by the inscription, it is a compilation of songs by some musician.","An ordinary cassette with a magnetic tape inside, judging by the inscription, it is a compilation of songs by some musician.","An ordinary cassette with a magnetic tape inside, judging by the inscription, it is a compilation of songs by some musician.","An ordinary cassette with a magnetic tape inside, judging by the inscription, it is a compilation of songs by some musician.","An ordinary cassette with a magnetic tape inside, judging by the inscription, it is a compilation of songs by some musician.","An ordinary cassette with a magnetic tape inside, judging by the inscription, it is a compilation of songs by some musician.","An ordinary cassette with a magnetic tape inside, judging by the inscription, it is a compilation of songs by some musician.","An ordinary cassette with a magnetic tape inside, judging by the inscription, it is a compilation of songs by some musician.","An ordinary cassette with a magnetic tape inside, judging by the inscription, it is a compilation of songs by some musician."
STR_AtomicHeartCollection,Atomic Heart Collection,Atomic Heart Collection,Atomic Heart Collection,Atomic Heart Collection,Atomic Heart - Сборник песен,Atomic Heart Collection,Atomic Heart Collection,Atomic Heart Collection,Atomic Heart Collection,Atomic Heart Collection,Atomic Heart Collection,Atomic Heart Collection,Atomic Heart Collection,Atomic Heart Collection
STR_DaftPunkCollection,Daft Punk Collection,Daft Punk Collection,Daft Punk Collection,Daft Punk Collection,Daft Punk - Сборник песен,Daft Punk Collection,Daft Punk Collection,Daft Punk Collection,Daft Punk Collection,Daft Punk Collection,Daft Punk Collection,Daft Punk Collection,Daft Punk Collection,Daft Punk Collection
STR_DeadBlondeCollection,Dead Blonde Collection,Dead Blonde Collection,Dead Blonde Collection,Dead Blonde Collection,Dead Blonde - Сборник песен,Dead Blonde Collection,Dead Blonde Collection,Dead Blonde Collection,Dead Blonde Collection,Dead Blonde Collection,Dead Blonde Collection,Dead Blonde Collection,Dead Blonde Collection,Dead Blonde Collection
STR_GachimuchiCollection,Gachimuchi Collection,Gachimuchi Collection,Gachimuchi Collection,Gachimuchi Collection,Gachimuchi - Сборник песен,Gachimuchi Collection,Gachimuchi Collection,Gachimuchi Collection,Gachimuchi Collection,Gachimuchi Collection,Gachimuchi Collection,Gachimuchi Collection,Gachimuchi Collection,Gachimuchi Collection
STR_GermanCollection,German Collection,German Collection,German Collection,German Collection,German - Сборник песен,German Collection,German Collection,German Collection,German Collection,German Collection,German Collection,German Collection,German Collection,German Collection
STR_LetovCollection,Letov Collection,Letov Collection,Letov Collection,Letov Collection,Летов - Сборник песен,Letov Collection,Letov Collection,Letov Collection,Letov Collection,Letov Collection,Letov Collection,Letov Collection,Letov Collection,Letov Collection
STR_MolchatDomaCollection,Molchat Doma Collection,Molchat Doma Collection,Molchat Doma Collection,Molchat Doma Collection,Молчат Дома - Сборник песен,Molchat Doma Collection,Molchat Doma Collection,Molchat Doma Collection,Molchat Doma Collection,Molchat Doma Collection,Molchat Doma Collection,Molchat Doma Collection,Molchat Doma Collection,Molchat Doma Collection
STR_RammsteinCollection,Rammstein Collection,Rammstein Collection,Rammstein Collection,Rammstein Collection,Rammstein - Сборник песен,Rammstein Collection,Rammstein Collection,Rammstein Collection,Rammstein Collection,Rammstein Collection,Rammstein Collection,Rammstein Collection,Rammstein Collection,Rammstein Collection
STR_RussianVillageBoysCollection,Russian Village Boys Collection,Russian Village Boys Collection,Russian Village Boys Collection,Russian Village Boys Collection,Russian Village Boys - Сборник песен,Russian Village Boys Collection,Russian Village Boys Collection,Russian Village Boys Collection,Russian Village Boys Collection,Russian Village Boys Collection,Russian Village Boys Collection,Russian Village Boys Collection,Russian Village Boys Collection,Russian Village Boys Collection
STR_TchaikovskyCollection,Tchaikovsky Collection,Tchaikovsky Collection,Tchaikovsky Collection,Tchaikovsky Collection,Чайковский - Сборник песен,Tchaikovsky Collection,Tchaikovsky Collection,Tchaikovsky Collection,Tchaikovsky Collection,Tchaikovsky Collection,Tchaikovsky Collection,Tchaikovsky Collection,Tchaikovsky Collection,Tchaikovsky Collection
STR_TheKoroliShutCollection,The King and the Jester Collection,The King and the Jester Collection,The King and the Jester Collection,The King and the Jester Collection,Король и Шут - Сборник песен,The King and the Jester Collection,The King and the Jester Collection,The King and the Jester Collection,The King and the Jester Collection,The King and the Jester Collection,The King and the Jester Collection,The King and the Jester Collection,The King and the Jester Collection,The King and the Jester Collection
STR_TapokCollection,KINO Collection,KINO Collection,KINO Collection,KINO Collection,Radio Tapok - Сборник песен,KINO Collection,KINO Collection,KINO Collection,KINO Collection,KINO Collection,KINO Collection,KINO Collection,KINO Collection,KINO Collection
STR_DemoCollection,KINO Collection,DEMO Collection,KINO Collection,KINO Collection,DEMO - Сборник песен,KINO Collection,KINO Collection,KINO Collection,KINO Collection,KINO Collection,KINO Collection,KINO Collection,KINO Collection,KINO Collection
STR_SektorCollection,KINO Collection,DEMO Collection,KINO Collection,KINO Collection,Сектор Газа - Сборник песен 1,KINO Collection,KINO Collection,KINO Collection,KINO Collection,KINO Collection,KINO Collection,KINO Collection,KINO Collection,KINO Collection
STR_Sektor2Collection,KINO Collection,DEMO Collection,KINO Collection,KINO Collection,Сектор Газа - Сборник песен 2,KINO Collection,KINO Collection,KINO Collection,KINO Collection,KINO Collection,KINO Collection,KINO Collection,KINO Collection,KINO Collection
STR_ANNA_ASTICollection,KINO Collection,DEMO Collection,KINO Collection,KINO Collection,ANNA ASTI - Лучшее,KINO Collection,KINO Collection,KINO Collection,KINO Collection,KINO Collection,KINO Collection,KINO Collection,KINO Collection,KINO Collection
STR_NAUTILUSCollection,KINO Collection,DEMO Collection,KINO Collection,KINO Collection,Наутилус Помпилиус - Лучшее,KINO Collection,KINO Collection,KINO Collection,KINO Collection,KINO Collection,KINO Collection,KINO Collection,KINO Collection,KINO Collection
STR_KOROL_I_SHUTCollection,KINO Collection,DEMO Collection,KINO Collection,KINO Collection,Король и Шут - Лучшее,KINO Collection,KINO Collection,KINO Collection,KINO Collection,KINO Collection,KINO Collection,KINO Collection,KINO Collection,KINO Collection
STR_ARIACollection,KINO Collection,DEMO Collection,KINO Collection,KINO Collection,Ария - Лучшее,KINO Collection,KINO Collection,KINO Collection,KINO Collection,KINO Collection,KINO Collection,KINO Collection,KINO Collection,KINO Collection
STR_DISRO80RUSCollection,KINO Collection,DEMO Collection,KINO Collection,KINO Collection,Дискотека 80 Rus - Лучшее,KINO Collection,KINO Collection,KINO Collection,KINO Collection,KINO Collection,KINO Collection,KINO Collection,KINO Collection,KINO Collection
STR_DISRO80USCollection,KINO Collection,DEMO Collection,KINO Collection,KINO Collection,Дискотека 80 Зарубежные Хиты - Лучшее,KINO Collection,KINO Collection,KINO Collection,KINO Collection,KINO Collection,KINO Collection,KINO Collection,KINO Collection,KINO Collection
STR_KLAVA_KOKACollection,KINO Collection,DEMO Collection,KINO Collection,KINO Collection,Клава Кока - Лучшее,KINO Collection,KINO Collection,KINO Collection,KINO Collection,KINO Collection,KINO Collection,KINO Collection,KINO Collection,KINO Collection
STR_ZEMFIRACollection,KINO Collection,DEMO Collection,KINO Collection,KINO Collection,Земфира - Лучшее,KINO Collection,KINO Collection,KINO Collection,KINO Collection,KINO Collection,KINO Collection,KINO Collection,KINO Collection,KINO Collection
STR_TANCY_MINUSCollection,KINO Collection,DEMO Collection,KINO Collection,KINO Collection,Танцы Минус - Лучшее,KINO Collection,KINO Collection,KINO Collection,KINO Collection,KINO Collection,KINO Collection,KINO Collection,KINO Collection,KINO Collection
STR_KINOCollection,KINO Collection,DEMO Collection,KINO Collection,KINO Collection,Кино - Лучшее,KINO Collection,KINO Collection,KINO Collection,KINO Collection,KINO Collection,KINO Collection,KINO Collection,KINO Collection,KINO Collection
STR_HIT_11_2023Collection,KINO Collection,DEMO Collection,KINO Collection,KINO Collection,Сборник хитов за Ноябрь 2023,KINO Collection,KINO Collection,KINO Collection,KINO Collection,KINO Collection,KINO Collection,KINO Collection,KINO Collection,KINO Collection
STR_BI2Collection,KINO Collection,DEMO Collection,KINO Collection,KINO Collection,Би2 - Лучшее,KINO Collection,KINO Collection,KINO Collection,KINO Collection,KINO Collection,KINO Collection,KINO Collection,KINO Collection,KINO Collection
STR_AGATACollection,KINO Collection,DEMO Collection,KINO Collection,KINO Collection,Агата Кристи - Лучшее,KINO Collection,KINO Collection,KINO Collection,KINO Collection,KINO Collection,KINO Collection,KINO Collection,KINO Collection,KINO Collection
STR_RADIO_HIT_FMCollection,KINO Collection,DEMO Collection,KINO Collection,KINO Collection,Радио ХИТ fm - Лучшее,KINO Collection,KINO Collection,KINO Collection,KINO Collection,KINO Collection,KINO Collection,KINO Collection,KINO Collection,KINO Collection
STR_GLYKOZACollection,KINO Collection,DEMO Collection,KINO Collection,KINO Collection,GlyukoZa - Лучшее,KINO Collection,KINO Collection,KINO Collection,KINO Collection,KINO Collection,KINO Collection,KINO Collection,KINO Collection,KINO Collection
STR_HIT_2007Collection,KINO Collection,DEMO Collection,KINO Collection,KINO Collection,Верните мой 2007,KINO Collection,KINO Collection,KINO Collection,KINO Collection,KINO Collection,KINO Collection,KINO Collection,KINO Collection,KINO Collection
STR_VREMYA_I_STEKLOCollection,KINO Collection,DEMO Collection,KINO Collection,KINO Collection,Время и стекло - Лучшее,KINO Collection,KINO Collection,KINO Collection,KINO Collection,KINO Collection,KINO Collection,KINO Collection,KINO Collection,KINO Collection
STR_LENINGRADCollection,KINO Collection,DEMO Collection,KINO Collection,KINO Collection,Ленинград - Лучшее,KINO Collection,KINO Collection,KINO Collection,KINO Collection,KINO Collection,KINO Collection,KINO Collection,KINO Collection,KINO Collection
STR_BRITNEY_SPEARSCollection,KINO Collection,DEMO Collection,KINO Collection,KINO Collection,Britney Spears - Лучшее,KINO Collection,KINO Collection,KINO Collection,KINO Collection,KINO Collection,KINO Collection,KINO Collection,KINO Collection,KINO Collection
STR_RAMMSTEINCollection,KINO Collection,DEMO Collection,KINO Collection,KINO Collection,Rammstein - Лучшее,KINO Collection,KINO Collection,KINO Collection,KINO Collection,KINO Collection,KINO Collection,KINO Collection,KINO Collection,KINO Collection
STR_THE_BEATLESCollection,KINO Collection,DEMO Collection,KINO Collection,KINO Collection,The Beatles - Лучшее,KINO Collection,KINO Collection,KINO Collection,KINO Collection,KINO Collection,KINO Collection,KINO Collection,KINO Collection,KINO Collection
STR_NENCYCollection,KINO Collection,DEMO Collection,KINO Collection,KINO Collection,Нэнси - Лучшее,KINO Collection,KINO Collection,KINO Collection,KINO Collection,KINO Collection,KINO Collection,KINO Collection,KINO Collection,KINO Collection
STR_PIKNIKCollection,KINO Collection,DEMO Collection,KINO Collection,KINO Collection,Пикник - Лучшее,KINO Collection,KINO Collection,KINO Collection,KINO Collection,KINO Collection,KINO Collection,KINO Collection,KINO Collection,KINO Collection
STR_TROLLCollection,KINO Collection,DEMO Collection,KINO Collection,KINO Collection,Мумий Тролль - Лучшее,KINO Collection,KINO Collection,KINO Collection,KINO Collection,KINO Collection,KINO Collection,KINO Collection,KINO Collection,KINO Collection
STR_INNACollection,KINO Collection,DEMO Collection,KINO Collection,KINO Collection,Инна Вальтер - Лучшее,KINO Collection,KINO Collection,KINO Collection,KINO Collection,KINO Collection,KINO Collection,KINO Collection,KINO Collection,KINO Collection
STR_OFFSPRINGCollection,KINO Collection,DEMO Collection,KINO Collection,KINO Collection,The Offspring - Лучшее,KINO Collection,KINO Collection,KINO Collection,KINO Collection,KINO Collection,KINO Collection,KINO Collection,KINO Collection,KINO Collection
STR_METALLICACollection,KINO Collection,DEMO Collection,KINO Collection,KINO Collection,Metallica - Лучшее,KINO Collection,KINO Collection,KINO Collection,KINO Collection,KINO Collection,KINO Collection,KINO Collection,KINO Collection,KINO Collection
STR_OBORONACollection,KINO Collection,DEMO Collection,KINO Collection,KINO Collection,Гражданская Оборона - Лучшее,KINO Collection,KINO Collection,KINO Collection,KINO Collection,KINO Collection,KINO Collection,KINO Collection,KINO Collection,KINO Collection
STR_LINKINPARKCollection,KINO Collection,DEMO Collection,KINO Collection,KINO Collection,Linkin Park - Лучшее,KINO Collection,KINO Collection,KINO Collection,KINO Collection,KINO Collection,KINO Collection,KINO Collection,KINO Collection,KINO Collection
STR_NIRVANACollection,KINO Collection,DEMO Collection,KINO Collection,KINO Collection,Nirvana - Лучшее,KINO Collection,KINO Collection,KINO Collection,KINO Collection,KINO Collection,KINO Collection,KINO Collection,KINO Collection,KINO Collection
STR_DDTCollection,KINO Collection,DEMO Collection,KINO Collection,KINO Collection,ДДТ - Лучшее,KINO Collection,KINO Collection,KINO Collection,KINO Collection,KINO Collection,KINO Collection,KINO Collection,KINO Collection,KINO Collection
STR_FAKTORCollection,KINO Collection,DEMO Collection,KINO Collection,KINO Collection,Фактор 2 - Лучшее,KINO Collection,KINO Collection,KINO Collection,KINO Collection,KINO Collection,KINO Collection,KINO Collection,KINO Collection,KINO Collection
STR_SHAKIRACollection,KINO Collection,DEMO Collection,KINO Collection,KINO Collection,Shakira - Лучшее,KINO Collection,KINO Collection,KINO Collection,KINO Collection,KINO Collection,KINO Collection,KINO Collection,KINO Collection,KINO Collection
STR_VOROVAJKICollection,KINO Collection,DEMO Collection,KINO Collection,KINO Collection,Воровайки - Лучшее,KINO Collection,KINO Collection,KINO Collection,KINO Collection,KINO Collection,KINO Collection,KINO Collection,KINO Collection,KINO Collection
STR_PACANKACollection,KINO Collection,DEMO Collection,KINO Collection,KINO Collection,Пацанка - Лучшее,KINO Collection,KINO Collection,KINO Collection,KINO Collection,KINO Collection,KINO Collection,KINO Collection,KINO Collection,KINO Collection
STR_TOP_10_OT_CRAZYCollection,KINO Collection,DEMO Collection,KINO Collection,KINO Collection,TOP от Crazy,KINO Collection,KINO Collection,KINO Collection,KINO Collection,KINO Collection,KINO Collection,KINO Collection,KINO Collection,KINO Collection
STR_NEW_YEAR1Collection,KINO Collection,DEMO Collection,KINO Collection,KINO Collection,Новогодний сборник 1,KINO Collection,KINO Collection,KINO Collection,KINO Collection,KINO Collection,KINO Collection,KINO Collection,KINO Collection,KINO Collection
STR_NEW_YEAR2Collection,KINO Collection,DEMO Collection,KINO Collection,KINO Collection,Новогодний сборник 2,KINO Collection,KINO Collection,KINO Collection,KINO Collection,KINO Collection,KINO Collection,KINO Collection,KINO Collection,KINO Collection
STR_NEW_YEAR2Collection,KINO Collection,DEMO Collection,KINO Collection,KINO Collection,Новогодний сборник 3,KINO Collection,KINO Collection,KINO Collection,KINO Collection,KINO Collection,KINO Collection,KINO Collection,KINO Collection,KINO Collection
STR_TOP_10_OT_GRIVA1Collection,KINO Collection,DEMO Collection,KINO Collection,KINO Collection,TOP от Грива Льва1,KINO Collection,KINO Collection,KINO Collection,KINO Collection,KINO Collection,KINO Collection,KINO Collection,KINO Collection,KINO Collection
STR_TOP_10_OT_GRIVA2Collection,KINO Collection,DEMO Collection,KINO Collection,KINO Collection,TOP от Грива Льва2,KINO Collection,KINO Collection,KINO Collection,KINO Collection,KINO Collection,KINO Collection,KINO Collection,KINO Collection,KINO Collection








